id,model_id,carrier,storage
1,1,AT&T,8GB
2,1,T-Mobile,8GB
3,1,Verizon,8GB
4,1,Other,8GB
5,1,Unlocked,8GB
6,1,AT&T,16GB
7,1,T-Mobile,16GB
8,1,Verizon,16GB
9,1,Other,16GB
10,1,Unlocked,16GB
11,1,AT&T,32GB
12,1,T-Mobile,32GB
13,1,Verizon,32GB
14,1,Other,32GB
15,1,Unlocked,32GB
16,2,AT&T,16GB
17,2,T-Mobile,16GB
18,2,Verizon,16GB
19,2,Other,16GB
20,2,Unlocked,16GB
21,2,AT&T,32GB
22,2,T-Mobile,32GB
23,2,Verizon,32GB
24,2,Other,32GB
25,2,Unlocked,32GB
26,2,AT&T,64GB
27,2,T-Mobile,64GB
28,2,Verizon,64GB
29,2,Other,64GB
30,2,Unlocked,64GB
31,3,AT&T,16GB
32,3,T-Mobile,16GB
33,3,Verizon,16GB
34,3,Other,16GB
35,3,Unlocked,16GB
36,3,AT&T,32GB
37,3,T-Mobile,32GB
38,3,Verizon,32GB
39,3,Other,32GB
40,3,Unlocked,32GB
41,3,AT&T,64GB
42,3,T-Mobile,64GB
43,3,Verizon,64GB
44,3,Other,64GB
45,3,Unlocked,64GB
46,3,AT&T,128GB
47,3,T-Mobile,128GB
48,3,Verizon,128GB
49,3,Other,128GB
50,3,Unlocked,128GB
51,4,AT&T,16GB
52,4,T-Mobile,16GB
53,4,Verizon,16GB
54,4,Other,16GB
55,4,Unlocked,16GB
56,4,AT&T,32GB
57,4,T-Mobile,32GB
58,4,Verizon,32GB
59,4,Other,32GB
60,4,Unlocked,32GB
61,4,AT&T,64GB
62,4,T-Mobile,64GB
63,4,Verizon,64GB
64,4,Other,64GB
65,4,Unlocked,64GB
66,4,AT&T,128GB
67,4,T-Mobile,128GB
68,4,Verizon,128GB
69,4,Other,128GB
70,4,Unlocked,128GB
71,5,AT&T,16GB
72,5,T-Mobile,16GB
73,5,Verizon,16GB
74,5,Other,16GB
75,5,Unlocked,16GB
76,5,AT&T,32GB
77,5,T-Mobile,32GB
78,5,Verizon,32GB
79,5,Other,32GB
80,5,Unlocked,32GB
81,5,AT&T,64GB
82,5,T-Mobile,64GB
83,5,Verizon,64GB
84,5,Other,64GB
85,5,Unlocked,64GB
86,5,AT&T,128GB
87,5,T-Mobile,128GB
88,5,Verizon,128GB
89,5,Other,128GB
90,5,Unlocked,128GB
91,6,AT&T,16GB
92,6,T-Mobile,16GB
93,6,Verizon,16GB
94,6,Other,16GB
95,6,Unlocked,16GB
96,6,AT&T,32GB
97,6,T-Mobile,32GB
98,6,Verizon,32GB
99,6,Other,32GB
100,6,Unlocked,32GB
101,6,AT&T,64GB
102,6,T-Mobile,64GB
103,6,Verizon,64GB
104,6,Other,64GB
105,6,Unlocked,64GB
106,6,AT&T,128GB
107,6,T-Mobile,128GB
108,6,Verizon,128GB
109,6,Other,128GB
110,6,Unlocked,128GB
111,7,AT&T,16GB
112,7,T-Mobile,16GB
113,7,Verizon,16GB
114,7,Other,16GB
115,7,Unlocked,16GB
116,7,AT&T,32GB
117,7,T-Mobile,32GB
118,7,Verizon,32GB
119,7,Other,32GB
120,7,Unlocked,32GB
121,7,AT&T,64GB
122,7,T-Mobile,64GB
123,7,Verizon,64GB
124,7,Other,64GB
125,7,Unlocked,64GB
126,7,AT&T,128GB
127,7,T-Mobile,128GB
128,7,Verizon,128GB
129,7,Other,128GB
130,7,Unlocked,128GB
131,8,AT&T,32GB
132,8,T-Mobile,32GB
133,8,Verizon,32GB
134,8,Other,32GB
135,8,Unlocked,32GB
136,8,AT&T,128GB
137,8,T-Mobile,128GB
138,8,Verizon,128GB
139,8,Other,128GB
140,8,Unlocked,128GB
141,8,AT&T,256GB
142,8,T-Mobile,256GB
143,8,Verizon,256GB
144,8,Other,256GB
145,8,Unlocked,256GB
146,9,AT&T,32GB
147,9,T-Mobile,32GB
148,9,Verizon,32GB
149,9,Other,32GB
150,9,Unlocked,32GB
151,9,AT&T,128GB
152,9,T-Mobile,128GB
153,9,Verizon,128GB
154,9,Other,128GB
155,9,Unlocked,128GB
156,9,AT&T,256GB
157,9,T-Mobile,256GB
158,9,Verizon,256GB
159,9,Other,256GB
160,9,Unlocked,256GB
161,10,AT&T,64GB
162,10,T-Mobile,64GB
163,10,Verizon,64GB
164,10,Other,64GB
165,10,Unlocked,64GB
166,10,AT&T,128GB
167,10,T-Mobile,128GB
168,10,Verizon,128GB
169,10,Other,128GB
170,10,Unlocked,128GB
171,10,AT&T,256GB
172,10,T-Mobile,256GB
173,10,Verizon,256GB
174,10,Other,256GB
175,10,Unlocked,256GB
176,11,AT&T,64GB
177,11,T-Mobile,64GB
178,11,Verizon,64GB
179,11,Other,64GB
180,11,Unlocked,64GB
181,11,AT&T,128GB
182,11,T-Mobile,128GB
183,11,Verizon,128GB
184,11,Other,128GB
185,11,Unlocked,128GB
186,11,AT&T,256GB
187,11,T-Mobile,256GB
188,11,Verizon,256GB
189,11,Other,256GB
190,11,Unlocked,256GB
191,12,AT&T,64GB
192,12,T-Mobile,64GB
193,12,Verizon,64GB
194,12,Other,64GB
195,12,Unlocked,64GB
196,12,AT&T,256GB
197,12,T-Mobile,256GB
198,12,Verizon,256GB
199,12,Other,256GB
200,12,Unlocked,256GB
201,13,AT&T,64GB
202,13,T-Mobile,64GB
203,13,Verizon,64GB
204,13,Other,64GB
205,13,Unlocked,64GB
206,13,AT&T,256GB
207,13,T-Mobile,256GB
208,13,Verizon,256GB
209,13,Other,256GB
210,13,Unlocked,256GB
211,13,AT&T,512GB
212,13,T-Mobile,512GB
213,13,Verizon,512GB
214,13,Other,512GB
215,13,Unlocked,512GB
216,14,AT&T,64GB
217,14,T-Mobile,64GB
218,14,Verizon,64GB
219,14,Other,64GB
220,14,Unlocked,64GB
221,14,AT&T,256GB
222,14,T-Mobile,256GB
223,14,Verizon,256GB
224,14,Other,256GB
225,14,Unlocked,256GB
226,14,AT&T,512GB
227,14,T-Mobile,512GB
228,14,Verizon,512GB
229,14,Other,512GB
230,14,Unlocked,512GB
231,15,AT&T,64GB
232,15,T-Mobile,64GB
233,15,Verizon,64GB
234,15,Other,64GB
235,15,Unlocked,64GB
236,15,AT&T,128GB
237,15,T-Mobile,128GB
238,15,Verizon,128GB
239,15,Other,128GB
240,15,Unlocked,128GB
241,15,AT&T,256GB
242,15,T-Mobile,256GB
243,15,Verizon,256GB
244,15,Other,256GB
245,15,Unlocked,256GB
246,16,AT&T,64GB
247,16,T-Mobile,64GB
248,16,Verizon,64GB
249,16,Other,64GB
250,16,Unlocked,64GB
251,16,AT&T,128GB
252,16,T-Mobile,128GB
253,16,Verizon,128GB
254,16,Other,128GB
255,16,Unlocked,128GB
256,16,AT&T,256GB
257,16,T-Mobile,256GB
258,16,Verizon,256GB
259,16,Other,256GB
260,16,Unlocked,256GB
261,17,AT&T,64GB
262,17,T-Mobile,64GB
263,17,Verizon,64GB
264,17,Other,64GB
265,17,Unlocked,64GB
266,17,AT&T,256GB
267,17,T-Mobile,256GB
268,17,Verizon,256GB
269,17,Other,256GB
270,17,Unlocked,256GB
271,17,AT&T,512GB
272,17,T-Mobile,512GB
273,17,Verizon,512GB
274,17,Other,512GB
275,17,Unlocked,512GB
276,18,AT&T,64GB
277,18,T-Mobile,64GB
278,18,Verizon,64GB
279,18,Other,64GB
280,18,Unlocked,64GB
281,18,AT&T,256GB
282,18,T-Mobile,256GB
283,18,Verizon,256GB
284,18,Other,256GB
285,18,Unlocked,256GB
286,18,AT&T,512GB
287,18,T-Mobile,512GB
288,18,Verizon,512GB
289,18,Other,512GB
290,18,Unlocked,512GB
291,19,AT&T,64GB
292,19,T-Mobile,64GB
293,19,Verizon,64GB
294,19,Other,64GB
295,19,Unlocked,64GB
296,19,AT&T,128GB
297,19,T-Mobile,128GB
298,19,Verizon,128GB
299,19,Other,128GB
300,19,Unlocked,128GB
301,19,AT&T,256GB
302,19,T-Mobile,256GB
303,19,Verizon,256GB
304,19,Other,256GB
305,19,Unlocked,256GB
306,20,AT&T,64GB
307,20,T-Mobile,64GB
308,20,Verizon,64GB
309,20,Other,64GB
310,20,Unlocked,64GB
311,20,AT&T,128GB
312,20,T-Mobile,128GB
313,20,Verizon,128GB
314,20,Other,128GB
315,20,Unlocked,128GB
316,20,AT&T,256GB
317,20,T-Mobile,256GB
318,20,Verizon,256GB
319,20,Other,256GB
320,20,Unlocked,256GB
321,21,AT&T,128GB
322,21,T-Mobile,128GB
323,21,Verizon,128GB
324,21,Other,128GB
325,21,Unlocked,128GB
326,21,AT&T,256GB
327,21,T-Mobile,256GB
328,21,Verizon,256GB
329,21,Other,256GB
330,21,Unlocked,256GB
331,21,AT&T,512GB
332,21,T-Mobile,512GB
333,21,Verizon,512GB
334,21,Other,512GB
335,21,Unlocked,512GB
336,22,AT&T,128GB
337,22,T-Mobile,128GB
338,22,Verizon,128GB
339,22,Other,128GB
340,22,Unlocked,128GB
341,22,AT&T,256GB
342,22,T-Mobile,256GB
343,22,Verizon,256GB
344,22,Other,256GB
345,22,Unlocked,256GB
346,22,AT&T,512GB
347,22,T-Mobile,512GB
348,22,Verizon,512GB
349,22,Other,512GB
350,22,Unlocked,512GB
351,23,AT&T,128GB
352,23,T-Mobile,128GB
353,23,Verizon,128GB
354,23,Other,128GB
355,23,Unlocked,128GB
356,23,AT&T,256GB
357,23,T-Mobile,256GB
358,23,Verizon,256GB
359,23,Other,256GB
360,23,Unlocked,256GB
361,23,AT&T,512GB
362,23,T-Mobile,512GB
363,23,Verizon,512GB
364,23,Other,512GB
365,23,Unlocked,512GB
366,24,AT&T,128GB
367,24,T-Mobile,128GB
368,24,Verizon,128GB
369,24,Other,128GB
370,24,Unlocked,128GB
371,24,AT&T,256GB
372,24,T-Mobile,256GB
373,24,Verizon,256GB
374,24,Other,256GB
375,24,Unlocked,256GB
376,24,AT&T,512GB
377,24,T-Mobile,512GB
378,24,Verizon,512GB
379,24,Other,512GB
380,24,Unlocked,512GB
381,25,AT&T,128GB
382,25,T-Mobile,128GB
383,25,Verizon,128GB
384,25,Other,128GB
385,25,Unlocked,128GB
386,25,AT&T,256GB
387,25,T-Mobile,256GB
388,25,Verizon,256GB
389,25,Other,256GB
390,25,Unlocked,256GB
391,25,AT&T,512GB
392,25,T-Mobile,512GB
393,25,Verizon,512GB
394,25,Other,512GB
395,25,Unlocked,512GB
396,25,AT&T,1TB
397,25,T-Mobile,1TB
398,25,Verizon,1TB
399,25,Other,1TB
400,25,Unlocked,1TB
401,26,AT&T,128GB
402,26,T-Mobile,128GB
403,26,Verizon,128GB
404,26,Other,128GB
405,26,Unlocked,128GB
406,26,AT&T,256GB
407,26,T-Mobile,256GB
408,26,Verizon,256GB
409,26,Other,256GB
410,26,Unlocked,256GB
411,26,AT&T,512GB
412,26,T-Mobile,512GB
413,26,Verizon,512GB
414,26,Other,512GB
415,26,Unlocked,512GB
416,26,AT&T,1TB
417,26,T-Mobile,1TB
418,26,Verizon,1TB
419,26,Other,1TB
420,26,Unlocked,1TB
421,27,AT&T,64GB
422,27,T-Mobile,64GB
423,27,Verizon,64GB
424,27,Other,64GB
425,27,Unlocked,64GB
426,27,AT&T,128GB
427,27,T-Mobile,128GB
428,27,Verizon,128GB
429,27,Other,128GB
430,27,Unlocked,128GB
431,27,AT&T,256GB
432,27,T-Mobile,256GB
433,27,Verizon,256GB
434,27,Other,256GB
435,27,Unlocked,256GB
436,28,AT&T,64GB
437,28,T-Mobile,64GB
438,28,Verizon,64GB
439,28,Other,64GB
440,28,Unlocked,64GB
441,28,AT&T,128GB
442,28,T-Mobile,128GB
443,28,Verizon,128GB
444,28,Other,128GB
445,28,Unlocked,128GB
446,28,AT&T,256GB
447,28,T-Mobile,256GB
448,28,Verizon,256GB
449,28,Other,256GB
450,28,Unlocked,256GB
451,29,AT&T,128GB
452,29,T-Mobile,128GB
453,29,Verizon,128GB
454,29,Other,128GB
455,29,Unlocked,128GB
456,29,AT&T,256GB
457,29,T-Mobile,256GB
458,29,Verizon,256GB
459,29,Other,256GB
460,29,Unlocked,256GB
461,29,AT&T,512GB
462,29,T-Mobile,512GB
463,29,Verizon,512GB
464,29,Other,512GB
465,29,Unlocked,512GB
466,30,AT&T,128GB
467,30,T-Mobile,128GB
468,30,Verizon,128GB
469,30,Other,128GB
470,30,Unlocked,128GB
471,30,AT&T,256GB
472,30,T-Mobile,256GB
473,30,Verizon,256GB
474,30,Other,256GB
475,30,Unlocked,256GB
476,30,AT&T,512GB
477,30,T-Mobile,512GB
478,30,Verizon,512GB
479,30,Other,512GB
480,30,Unlocked,512GB
481,31,AT&T,128GB
482,31,T-Mobile,128GB
483,31,Verizon,128GB
484,31,Other,128GB
485,31,Unlocked,128GB
486,31,AT&T,256GB
487,31,T-Mobile,256GB
488,31,Verizon,256GB
489,31,Other,256GB
490,31,Unlocked,256GB
491,31,AT&T,512GB
492,31,T-Mobile,512GB
493,31,Verizon,512GB
494,31,Other,512GB
495,31,Unlocked,512GB
496,31,AT&T,1TB
497,31,T-Mobile,1TB
498,31,Verizon,1TB
499,31,Other,1TB
500,31,Unlocked,1TB
501,32,AT&T,128GB
502,32,T-Mobile,128GB
503,32,Verizon,128GB
504,32,Other,128GB
505,32,Unlocked,128GB
506,32,AT&T,256GB
507,32,T-Mobile,256GB
508,32,Verizon,256GB
509,32,Other,256GB
510,32,Unlocked,256GB
511,32,AT&T,512GB
512,32,T-Mobile,512GB
513,32,Verizon,512GB
514,32,Other,512GB
515,32,Unlocked,512GB
516,32,AT&T,1TB
517,32,T-Mobile,1TB
518,32,Verizon,1TB
519,32,Other,1TB
520,32,Unlocked,1TB
521,33,AT&T,128GB
522,33,T-Mobile,128GB
523,33,Verizon,128GB
524,33,Other,128GB
525,33,Unlocked,128GB
526,33,AT&T,256GB
527,33,T-Mobile,256GB
528,33,Verizon,256GB
529,33,Other,256GB
530,33,Unlocked,256GB
531,33,AT&T,512GB
532,33,T-Mobile,512GB
533,33,Verizon,512GB
534,33,Other,512GB
535,33,Unlocked,512GB
536,34,AT&T,128GB
537,34,T-Mobile,128GB
538,34,Verizon,128GB
539,34,Other,128GB
540,34,Unlocked,128GB
541,34,AT&T,256GB
542,34,T-Mobile,256GB
543,34,Verizon,256GB
544,34,Other,256GB
545,34,Unlocked,256GB
546,34,AT&T,512GB
547,34,T-Mobile,512GB
548,34,Verizon,512GB
549,34,Other,512GB
550,34,Unlocked,512GB
551,35,AT&T,128GB
552,35,T-Mobile,128GB
553,35,Verizon,128GB
554,35,Other,128GB
555,35,Unlocked,128GB
556,35,AT&T,256GB
557,35,T-Mobile,256GB
558,35,Verizon,256GB
559,35,Other,256GB
560,35,Unlocked,256GB
561,35,AT&T,512GB
562,35,T-Mobile,512GB
563,35,Verizon,512GB
564,35,Other,512GB
565,35,Unlocked,512GB
566,35,AT&T,1TB
567,35,T-Mobile,1TB
568,35,Verizon,1TB
569,35,Other,1TB
570,35,Unlocked,1TB
571,36,AT&T,256GB
572,36,T-Mobile,256GB
573,36,Verizon,256GB
574,36,Other,256GB
575,36,Unlocked,256GB
576,36,AT&T,512GB
577,36,T-Mobile,512GB
578,36,Verizon,512GB
579,36,Other,512GB
580,36,Unlocked,512GB
581,36,AT&T,1TB
582,36,T-Mobile,1TB
583,36,Verizon,1TB
584,36,Other,1TB
585,36,Unlocked,1TB
586,37,AT&T,128GB
587,37,T-Mobile,128GB
588,37,Verizon,128GB
589,37,Other,128GB
590,37,Unlocked,128GB
591,37,AT&T,256GB
592,37,T-Mobile,256GB
593,37,Verizon,256GB
594,37,Other,256GB
595,37,Unlocked,256GB
596,37,AT&T,512GB
597,37,T-Mobile,512GB
598,37,Verizon,512GB
599,37,Other,512GB
600,37,Unlocked,512GB
601,38,T-Mobile,128GB
602,38,Verizon,128GB
603,38,Other,128GB
604,38,Unlocked,128GB
605,38,AT&T,256GB
606,38,T-Mobile,256GB
607,38,Verizon,256GB
608,38,Other,256GB
609,38,Unlocked,256GB
610,38,AT&T,512GB
611,38,T-Mobile,512GB
612,38,Verizon,512GB
613,38,Other,512GB
614,38,Unlocked,512GB
615,38,AT&T,128GB
616,39,T-Mobile,128GB
617,39,Verizon,128GB
618,39,Other,128GB
619,39,Unlocked,128GB
620,39,AT&T,256GB
621,39,T-Mobile,256GB
622,39,Verizon,256GB
623,39,Other,256GB
624,39,Unlocked,256GB
625,39,AT&T,512GB
626,39,T-Mobile,512GB
627,39,Verizon,512GB
628,39,Other,512GB
629,39,Unlocked,512GB
630,39,AT&T,1TB
631,39,T-Mobile,1TB
632,39,Verizon,1TB
633,39,Other,1TB
634,39,Unlocked,1TB
635,40,AT&T,256GB
636,40,T-Mobile,256GB
637,40,Verizon,256GB
638,40,Other,256GB
639,40,Unlocked,256GB
640,40,AT&T,512GB
641,40,T-Mobile,512GB
642,40,Verizon,512GB
643,40,Other,512GB
644,40,Unlocked,512GB
645,40,AT&T,1TB
646,40,T-Mobile,1TB
647,40,Verizon,1TB
648,40,Other,1TB
649,40,Unlocked,1TB
650,41,AT&T,128GB
651,41,T-Mobile,128GB
652,41,Verizon,128GB
653,41,Other,128GB
654,41,Unlocked,128GB
655,41,AT&T,256GB
656,41,T-Mobile,256GB
657,41,Verizon,256GB
658,41,Other,256GB
659,41,Unlocked,256GB
660,41,AT&T,512GB
661,41,T-Mobile,512GB
662,41,Verizon,512GB
663,41,Other,512GB
664,41,Unlocked,512GB
665,42,T-Mobile,256GB
666,42,Verizon,256GB
667,42,Other,256GB
668,42,Unlocked,256GB
669,42,AT&T,512GB
670,42,T-Mobile,512GB
671,42,Verizon,512GB
672,42,Other,512GB
673,42,Unlocked,512GB
674,43,AT&T,128GB
675,43,T-Mobile,128GB
676,43,Verizon,128GB
677,43,Other,128GB
678,43,Unlocked,128GB
679,43,AT&T,256GB
680,43,T-Mobile,256GB
681,43,Verizon,256GB
682,43,Other,256GB
683,43,Unlocked,256GB
684,43,AT&T,512GB
685,43,T-Mobile,512GB
686,43,Verizon,512GB
687,43,Other,512GB
688,43,Unlocked,512GB
689,44,T-Mobile,128GB
690,44,Verizon,128GB
691,44,Other,128GB
692,44,Unlocked,128GB
693,44,AT&T,256GB
694,44,T-Mobile,256GB
695,44,Verizon,256GB
696,44,Other,256GB
697,44,Unlocked,256GB
698,44,AT&T,512GB
699,44,T-Mobile,512GB
700,44,Verizon,512GB
701,44,Other,512GB
702,44,Unlocked,512GB
703,44,AT&T,1TB
704,44,T-Mobile,1TB
705,44,Verizon,1TB
706,44,Other,1TB
707,44,Unlocked,1TB
708,45,AT&T,256GB
709,45,T-Mobile,256GB
710,45,Verizon,256GB
711,45,Other,256GB
712,45,Unlocked,256GB
713,45,AT&T,512GB
714,45,T-Mobile,512GB
715,45,Verizon,512GB
716,45,Other,512GB
717,45,Unlocked,512GB
718,45,AT&T,1TB
719,45,T-Mobile,1TB
720,45,Verizon,1TB
721,45,Other,1TB
722,45,Unlocked,1TB
723,45,AT&T,2TB
724,45,T-Mobile,2TB
725,45,Verizon,2TB
726,45,Other,2TB
727,45,Unlocked,2TB
728,46,AT&T,128GB
729,46,T-Mobile,128GB
730,46,Verizon,128GB
731,46,Other,128GB
732,46,Unlocked,128GB
733,46,AT&T,256GB
734,46,T-Mobile,256GB
735,46,Verizon,256GB
736,46,Other,256GB
737,46,Unlocked,256GB
738,46,AT&T,512GB
739,46,T-Mobile,512GB
740,46,Verizon,512GB
741,46,Other,512GB
742,46,Unlocked,512GB
743,46,AT&T,1TB
744,46,T-Mobile,1TB
745,46,Verizon,1TB
746,46,Other,1TB
747,46,Unlocked,1TB
748,47,Unlocked,128GB
749,47,Unlocked,512GB
750,48,Unlocked,128GB
751,48,Unlocked,512GB
752,48,Unlocked,1TB
753,49,Unlocked,256GB
754,49,Unlocked,512GB
755,50,Unlocked,128GB
756,50,Unlocked,256GB
757,51,Unlocked,128GB
758,51,Unlocked,256GB
759,51,AT&T,512GB
760,51,T-Mobile,512GB
761,51,Unlocked,512GB
762,52,Unlocked,512GB
763,53,Unlocked,16GB
764,54,Unlocked,32GB
765,55,Unlocked,64GB
766,56,AT&T,64GB
767,56,T-Mobile,64GB
768,56,Verizon,64GB
769,56,Other,64GB
770,56,Unlocked,64GB
771,56,Other,128GB
772,56,Unlocked,128GB
773,57,Verizon,64GB
774,57,Unlocked,64GB
775,57,Verizon,128GB
776,57,Unlocked,128GB
777,58,Verizon,64GB
778,58,Other,64GB
779,58,Unlocked,64GB
780,58,Verizon,128GB
781,58,Other,128GB
782,58,Unlocked,128GB
783,59,Verizon,64GB
784,59,Other,64GB
785,59,Unlocked,64GB
786,59,Verizon,128GB
787,59,Other,128GB
788,59,Unlocked,128GB
789,60,Verizon,64GB
790,60,Unlocked,64GB
791,61,Verizon,64GB
792,61,Other,64GB
793,61,Unlocked,64GB
794,61,Verizon,128GB
795,61,Other,128GB
796,61,Unlocked,128GB
797,62,Verizon,64GB
798,62,Unlocked,64GB
799,63,AT&T,64GB
800,63,T-Mobile,64GB
801,63,Verizon,64GB
802,63,Other,64GB
803,63,Unlocked,64GB
804,63,AT&T,128GB
805,63,T-Mobile,128GB
806,63,Verizon,128GB
807,63,Other,128GB
808,63,Unlocked,128GB
809,64,AT&T,128GB
810,64,T-Mobile,128GB
811,64,Verizon,128GB
812,64,Unlocked,128GB
813,65,AT&T,128GB
814,65,T-Mobile,128GB
815,65,Verizon,128GB
816,65,Unlocked,128GB
817,66,AT&T,64GB
818,66,T-Mobile,64GB
819,66,Verizon,64GB
820,66,Unlocked,64GB
821,66,AT&T,128GB
822,66,T-Mobile,128GB
823,66,Verizon,128GB
824,66,Unlocked,128GB
825,67,AT&T,128GB
826,67,T-Mobile,128GB
827,67,Verizon,128GB
828,67,Unlocked,128GB
829,68,AT&T,128GB
830,68,T-Mobile,128GB
831,68,Unlocked,128GB
832,69,AT&T,128GB
833,69,T-Mobile,128GB
834,69,Verizon,128GB
835,69,Unlocked,128GB
836,69,AT&T,256GB
837,69,T-Mobile,256GB
838,69,Verizon,256GB
839,69,Unlocked,256GB
840,70,AT&T,128GB
841,70,T-Mobile,128GB
842,70,Verizon,128GB
843,70,Unlocked,128GB
844,70,AT&T,256GB
845,70,T-Mobile,256GB
846,70,Verizon,256GB
847,70,Unlocked,256GB
848,70,AT&T,512GB
849,70,T-Mobile,512GB
850,70,Verizon,512GB
851,70,Unlocked,512GB
852,71,AT&T,128GB
853,71,T-Mobile,128GB
854,71,Verizon,128GB
855,71,Unlocked,128GB
856,71,AT&T,256GB
857,71,T-Mobile,256GB
858,71,Verizon,256GB
859,71,Unlocked,256GB
860,72,AT&T,128GB
861,72,T-Mobile,128GB
862,72,Verizon,128GB
863,72,Other,128GB
864,72,Unlocked,128GB
865,72,AT&T,256GB
866,72,T-Mobile,256GB
867,72,Verizon,256GB
868,72,Other,256GB
869,72,Unlocked,256GB
870,73,AT&T,128GB
871,73,T-Mobile,128GB
872,73,Verizon,128GB
873,73,Other,128GB
874,73,Unlocked,128GB
875,73,AT&T,256GB
876,73,T-Mobile,256GB
877,73,Verizon,256GB
878,73,Other,256GB
879,73,Unlocked,256GB
880,73,AT&T,512GB
881,73,T-Mobile,512GB
882,73,Verizon,512GB
883,73,Other,512GB
884,73,Unlocked,512GB
885,74,AT&T,128GB
886,74,T-Mobile,128GB
887,74,Verizon,128GB
888,74,Other,128GB
889,74,Unlocked,128GB
890,75,AT&T,256GB
891,75,T-Mobile,256GB
892,75,Verizon,256GB
893,75,Other,256GB
894,75,Unlocked,256GB
895,75,AT&T,512GB
896,75,T-Mobile,512GB
897,75,Verizon,512GB
898,75,Other,512GB
899,75,Unlocked,512GB
900,76,AT&T,128GB
901,76,T-Mobile,128GB
902,76,Verizon,128GB
903,76,Other,128GB
904,76,Unlocked,128GB
905,76,AT&T,256GB
906,76,T-Mobile,256GB
907,76,Verizon,256GB
908,76,Other,256GB
909,76,Unlocked,256GB
910,77,AT&T,128GB
911,77,T-Mobile,128GB
912,77,Verizon,128GB
913,77,Other,128GB
914,77,Unlocked,128GB
915,77,AT&T,256GB
916,77,T-Mobile,256GB
917,77,Verizon,256GB
918,77,Other,256GB
919,77,Unlocked,256GB
920,77,AT&T,512GB
921,77,T-Mobile,512GB
922,77,Verizon,512GB
923,77,Other,512GB
924,77,Unlocked,512GB
925,77,AT&T,1TB
926,77,T-Mobile,1TB
927,77,Verizon,1TB
928,77,Other,1TB
929,77,Unlocked,1TB
930,78,AT&T,128GB
931,78,T-Mobile,128GB
932,78,Verizon,128GB
933,78,Other,128GB
934,78,Unlocked,128GB
935,78,AT&T,256GB
936,78,T-Mobile,256GB
937,78,Verizon,256GB
938,78,Other,256GB
939,78,Unlocked,256GB
940,79,AT&T,256GB
941,79,T-Mobile,256GB
942,79,Verizon,256GB
943,79,Other,256GB
944,79,Unlocked,256GB
945,79,AT&T,512GB
946,79,T-Mobile,512GB
947,79,Verizon,512GB
948,79,Other,512GB
949,79,Unlocked,512GB
950,80,AT&T,128GB
951,80,T-Mobile,128GB
952,80,Verizon,128GB
953,80,Other,128GB
954,80,Unlocked,128GB
955,80,AT&T,256GB
956,80,T-Mobile,256GB
957,80,Verizon,256GB
958,80,Other,256GB
959,80,Unlocked,256GB
960,81,AT&T,128GB
961,81,T-Mobile,128GB
962,81,Verizon,128GB
963,81,Other,128GB
964,81,Unlocked,128GB
965,81,AT&T,256GB
966,81,T-Mobile,256GB
967,81,Verizon,256GB
968,81,Other,256GB
969,81,Unlocked,256GB
970,82,AT&T,128GB
971,82,T-Mobile,128GB
972,82,Verizon,128GB
973,82,Other,128GB
974,82,Unlocked,128GB
975,82,AT&T,256GB
976,82,T-Mobile,256GB
977,82,Verizon,256GB
978,82,Other,256GB
979,82,Unlocked,256GB
980,82,AT&T,512GB
981,82,T-Mobile,512GB
982,82,Verizon,512GB
983,82,Other,512GB
984,82,Unlocked,512GB
985,82,AT&T,1TB
986,82,T-Mobile,1TB
987,82,Verizon,1TB
988,82,Other,1TB
989,82,Unlocked,1TB
990,83,AT&T,128GB
991,83,T-Mobile,128GB
992,83,Verizon,128GB
993,83,Other,128GB
994,83,Unlocked,128GB
995,83,AT&T,256GB
996,83,T-Mobile,256GB
997,83,Verizon,256GB
998,83,Other,256GB
999,83,Unlocked,256GB
1000,83,AT&T,512GB
1001,83,T-Mobile,512GB
1002,83,Verizon,512GB
1003,83,Other,512GB
1004,83,Unlocked,512GB
1005,83,AT&T,1TB
1006,83,T-Mobile,1TB
1007,83,Verizon,1TB
1008,83,Other,1TB
1009,83,Unlocked,1TB
1010,84,AT&T,256GB
1011,84,T-Mobile,256GB
1012,84,Verizon,256GB
1013,84,Other,256GB
1014,84,Unlocked,256GB
1015,84,AT&T,512GB
1016,84,T-Mobile,512GB
1017,84,Verizon,512GB
1018,84,Other,512GB
1019,84,Unlocked,512GB
1020,84,AT&T,1TB
1021,84,T-Mobile,1TB
1022,84,Verizon,1TB
1023,84,Other,1TB
1024,84,Unlocked,1TB
1025,85,AT&T,128GB
1026,85,T-Mobile,128GB
1027,85,Verizon,128GB
1028,85,Other,128GB
1029,85,Unlocked,128GB
1030,85,AT&T,256GB
1031,85,T-Mobile,256GB
1032,85,Verizon,256GB
1033,85,Other,256GB
1034,85,Unlocked,256GB
1035,86,AT&T,128GB
1036,86,T-Mobile,128GB
1037,86,Verizon,128GB
1038,86,Other,128GB
1039,86,Unlocked,128GB
1040,86,AT&T,256GB
1041,86,T-Mobile,256GB
1042,86,Verizon,256GB
1043,86,Other,256GB
1044,86,Unlocked,256GB
1045,87,AT&T,128GB
1046,87,T-Mobile,128GB
1047,87,Verizon,128GB
1048,87,Other,128GB
1049,87,Unlocked,128GB
1050,87,AT&T,256GB
1051,87,T-Mobile,256GB
1052,87,Verizon,256GB
1053,87,Other,256GB
1054,87,Unlocked,256GB
1055,87,AT&T,512GB
1056,87,T-Mobile,512GB
1057,87,Verizon,512GB
1058,87,Other,512GB
1059,87,Unlocked,512GB
1060,87,AT&T,1TB
1061,87,T-Mobile,1TB
1062,87,Verizon,1TB
1063,87,Other,1TB
1064,87,Unlocked,1TB
1065,88,AT&T,256GB
1066,88,T-Mobile,256GB
1067,88,Verizon,256GB
1068,88,Other,256GB
1069,88,Unlocked,256GB
1070,88,AT&T,512GB
1071,88,T-Mobile,512GB
1072,88,Verizon,512GB
1073,88,Other,512GB
1074,88,Unlocked,512GB
1075,88,AT&T,1TB
1076,88,T-Mobile,1TB
1077,88,Verizon,1TB
1078,88,Other,1TB
1079,88,Unlocked,1TB
1080,89,Unlocked,256GB
1081,90,Unlocked,128GB
1082,91,Unlocked,128GB
1083,92,Unlocked,128GB
1084,93,Unlocked,64GB
1085,94,AT&T,64GB
1086,94,T-Mobile,64GB
1087,94,Verizon,64GB
1088,94,Other,64GB
1089,94,Unlocked,64GB
1090,94,AT&T,128GB
1091,94,T-Mobile,128GB
1092,94,Verizon,128GB
1093,94,Other,128GB
1094,94,Unlocked,128GB
1095,95,AT&T,64GB
1096,95,T-Mobile,64GB
1097,95,Verizon,64GB
1098,95,Other,64GB
1099,95,Unlocked,64GB
1100,95,AT&T,128GB
1101,95,T-Mobile,128GB
1102,95,Verizon,128GB
1103,95,Other,128GB
1104,95,Unlocked,128GB
1105,96,T-Mobile,128GB
1106,96,Other,128GB
1107,96,Unlocked,128GB
1108,97,AT&T,64GB
1109,97,T-Mobile,64GB
1110,97,Verizon,64GB
1111,97,Other,64GB
1112,97,Unlocked,64GB
1113,98,AT&T,64GB
1114,98,T-Mobile,64GB
1115,98,Verizon,64GB
1116,98,Other,64GB
1117,98,Unlocked,64GB
1118,99,AT&T,128GB
1119,99,T-Mobile,128GB
1120,99,Verizon,128GB
1121,99,Other,128GB
1122,99,Unlocked,128GB
1123,100,Unlocked,32GB
1124,101,Unlocked,64GB
1125,102,Unlocked,32GB
1126,103,Unlocked,64GB
1127,104,AT&T,32GB
1128,104,T-Mobile,32GB
1129,104,Verizon,32GB
1130,104,Other,32GB
1131,104,Unlocked,32GB
1132,104,AT&T,64GB
1133,104,T-Mobile,64GB
1134,104,Verizon,64GB
1135,104,Other,64GB
1136,104,Unlocked,64GB
1137,104,AT&T,128GB
1138,104,T-Mobile,128GB
1139,104,Verizon,128GB
1140,104,Other,128GB
1141,104,Unlocked,128GB
1142,104,AT&T,256GB
1143,104,T-Mobile,256GB
1144,104,Verizon,256GB
1145,104,Other,256GB
1146,104,Unlocked,256GB
1147,105,AT&T,128GB
1148,105,T-Mobile,128GB
1149,105,Verizon,128GB
1150,105,Other,128GB
1151,105,Unlocked,128GB
1152,105,AT&T,256GB
1153,105,T-Mobile,256GB
1154,105,Verizon,256GB
1155,105,Other,256GB
1156,105,Unlocked,256GB
1157,105,AT&T,512GB
1158,105,T-Mobile,512GB
1159,105,Verizon,512GB
1160,105,Other,512GB
1161,105,Unlocked,512GB
1162,106,AT&T,128GB
1163,106,T-Mobile,128GB
1164,106,Verizon,128GB
1165,106,Other,128GB
1166,106,Unlocked,128GB
1167,106,AT&T,256GB
1168,106,T-Mobile,256GB
1169,106,Verizon,256GB
1170,106,Other,256GB
1171,106,Unlocked,256GB
1172,107,Unlocked,16GB
1173,107,Unlocked,64GB
1174,108,Unlocked,16GB
1175,108,Unlocked,64GB
1176,109,Unlocked,64GB
1177,110,Unlocked,64GB
1178,110,Unlocked,128GB
1179,111,Unlocked,64GB
1180,111,Unlocked,128GB
1181,112,Unlocked,64GB
1182,112,Unlocked,128GB
1183,113,Unlocked,64GB
1184,113,Unlocked,128GB
1185,113,Unlocked,256GB
1186,114,T-Mobile,128GB
1187,114,Unlocked,128GB
1188,114,T-Mobile,256GB
1189,114,Unlocked,256GB
1190,115,T-Mobile,128GB
1191,115,Unlocked,128GB
1192,115,T-Mobile,256GB
1193,115,Unlocked,256GB
1194,116,T-Mobile,128GB
1195,116,Unlocked,256GB
1196,117,Unlocked,256GB
1197,118,Unlocked,256GB
1198,119,T-Mobile,128GB
1199,119,Verizon,128GB
1200,119,Unlocked,128GB
1201,119,T-Mobile,256GB
1202,119,Verizon,256GB
1203,119,Unlocked,256GB
1204,120,T-Mobile,128GB
1205,120,Verizon,128GB
1206,120,Unlocked,128GB
1207,120,T-Mobile,256GB
1208,120,Verizon,256GB
1209,120,Unlocked,256GB
1210,121,T-Mobile,128GB
1211,121,Unlocked,128GB
1212,121,T-Mobile,256GB
1213,121,Unlocked,256GB
1214,121,T-Mobile,512GB
1215,121,Unlocked,512GB
1216,122,T-Mobile,128GB
1217,122,Unlocked,128GB
1218,122,T-Mobile,256GB
1219,122,Unlocked,256GB
1220,122,T-Mobile,512GB
1221,122,Unlocked,512GB
1222,123,Unlocked,128GB
1223,123,Unlocked,256GB
1224,123,T-Mobile,512GB
1225,123,Unlocked,512GB
1226,124,Unlocked,128GB
1227,124,T-Mobile,256GB
1228,124,Unlocked,256GB
1229,124,Unlocked,512GB
1230,125,T-Mobile,128GB
1231,125,Unlocked,128GB
1232,125,T-Mobile,256GB
1233,125,Unlocked,256GB
1234,126,T-Mobile,256GB
1235,126,Unlocked,256GB
1236,126,T-Mobile,512GB
1237,126,Unlocked,512GB
1238,127,T-Mobile,256GB
1239,127,T-Mobile,512GB
1240,127,Unlocked,256GB
1241,127,Unlocked,512GB
1242,128,T-Mobile,256GB
1243,128,Unlocked,256GB
1244,128,T-Mobile,512GB
1245,128,Unlocked,512GB
1246,129,T-Mobile,256GB
1247,129,T-Mobile,512GB
1248,129,Unlocked,256GB
1249,129,Unlocked,512GB
1250,130,AT&T,32GB
1251,130,T-Mobile,32GB
1252,130,Verizon,32GB
1253,130,Other,32GB
1254,130,Unlocked,32GB
1255,131,AT&T,32GB
1256,131,T-Mobile,32GB
1257,131,Verizon,32GB
1258,131,Other,32GB
1259,131,Unlocked,32GB
1260,131,AT&T,64GB
1261,131,T-Mobile,64GB
1262,131,Verizon,64GB
1263,131,Other,64GB
1264,131,Unlocked,64GB
1265,131,AT&T,128GB
1266,131,T-Mobile,128GB
1267,131,Verizon,128GB
1268,131,Other,128GB
1269,131,Unlocked,128GB
1270,132,AT&T,32GB
1271,132,T-Mobile,32GB
1272,132,Verizon,32GB
1273,132,Other,32GB
1274,132,Unlocked,32GB
1275,132,AT&T,64GB
1276,132,T-Mobile,64GB
1277,132,Verizon,64GB
1278,132,Other,64GB
1279,132,Unlocked,64GB
1280,132,AT&T,128GB
1281,132,T-Mobile,128GB
1282,132,Verizon,128GB
1283,132,Other,128GB
1284,132,Unlocked,128GB
1285,132,AT&T,256GB
1286,132,T-Mobile,256GB
1287,132,Verizon,256GB
1288,132,Other,256GB
1289,132,Unlocked,256GB
1290,133,AT&T,32GB
1291,133,T-Mobile,32GB
1292,133,Verizon,32GB
1293,133,Other,32GB
1294,133,Unlocked,32GB
1295,133,AT&T,64GB
1296,133,T-Mobile,64GB
1297,133,Verizon,64GB
1298,133,Other,64GB
1299,133,Unlocked,64GB
1300,133,AT&T,16GB
1301,133,T-Mobile,16GB
1302,133,Verizon,16GB
1303,133,Other,16GB
1304,133,Unlocked,16GB
1305,133,AT&T,128GB
1306,133,T-Mobile,128GB
1307,133,Verizon,128GB
1308,133,Other,128GB
1309,133,Unlocked,128GB
1310,134,AT&T,128GB
1311,134,T-Mobile,128GB
1312,134,Verizon,128GB
1313,134,Other,128GB
1314,134,Unlocked,128GB
1315,134,AT&T,256GB
1316,134,T-Mobile,256GB
1317,134,Verizon,256GB
1318,134,Other,256GB
1319,134,Unlocked,256GB
1320,135,AT&T,32GB
1321,135,T-Mobile,32GB
1322,135,Verizon,32GB
1323,135,Other,32GB
1324,135,Unlocked,32GB
1325,135,AT&T,64GB
1326,135,T-Mobile,64GB
1327,135,Verizon,64GB
1328,135,Other,64GB
1329,135,Unlocked,64GB
1330,136,AT&T,32GB
1331,136,T-Mobile,32GB
1332,136,Verizon,32GB
1333,136,Other,32GB
1334,136,Unlocked,32GB
1335,136,AT&T,64GB
1336,136,T-Mobile,64GB
1337,136,Verizon,64GB
1338,136,Other,64GB
1339,136,Unlocked,64GB
1340,136,Verizon,128GB
1341,136,Other,128GB
1342,136,Unlocked,128GB
1343,137,AT&T,64GB
1344,137,T-Mobile,64GB
1345,137,Verizon,64GB
1346,137,Other,64GB
1347,137,Unlocked,64GB
1348,137,AT&T,128GB
1349,137,T-Mobile,128GB
1350,137,Verizon,128GB
1351,137,Other,128GB
1352,137,Unlocked,128GB
1353,138,AT&T,64GB
1354,138,T-Mobile,64GB
1355,138,Verizon,64GB
1356,138,Other,64GB
1357,138,Unlocked,64GB
1358,138,AT&T,128GB
1359,138,T-Mobile,128GB
1360,138,Verizon,128GB
1361,138,Other,128GB
1362,138,Unlocked,128GB
1363,139,AT&T,128GB
1364,139,T-Mobile,128GB
1365,139,Verizon,128GB
1366,139,Other,128GB
1367,139,Unlocked,128GB
1368,139,AT&T,256GB
1369,139,T-Mobile,256GB
1370,139,Verizon,256GB
1371,139,Other,256GB
1372,139,Unlocked,256GB
1373,140,AT&T,512GB
1374,140,T-Mobile,512GB
1375,140,Verizon,512GB
1376,140,Other,512GB
1377,140,Unlocked,512GB
1378,141,AT&T,16GB
1379,141,T-Mobile,16GB
1380,141,Verizon,16GB
1381,141,Other,16GB
1382,141,Unlocked,16GB
1383,141,AT&T,32GB
1384,141,T-Mobile,32GB
1385,141,Verizon,32GB
1386,141,Other,32GB
1387,141,Unlocked,32GB
1388,141,AT&T,64GB
1389,141,T-Mobile,64GB
1390,141,Verizon,64GB
1391,141,Other,64GB
1392,141,Unlocked,64GB
1393,142,AT&T,16GB
1394,142,T-Mobile,16GB
1395,142,Verizon,16GB
1396,142,Other,16GB
1397,142,Unlocked,16GB
1398,142,AT&T,32GB
1399,142,T-Mobile,32GB
1400,142,Verizon,32GB
1401,142,Other,32GB
1402,142,Unlocked,32GB
1403,143,AT&T,32GB
1404,143,T-Mobile,32GB
1405,143,Verizon,32GB
1406,143,Other,32GB
1407,143,Unlocked,32GB
1408,143,AT&T,64GB
1409,143,T-Mobile,64GB
1410,143,Verizon,64GB
1411,143,Other,64GB
1412,143,Unlocked,64GB
1413,144,AT&T,64GB
1414,144,T-Mobile,64GB
1415,144,Verizon,64GB
1416,144,Other,64GB
1417,144,Unlocked,64GB
1418,144,AT&T,128GB
1419,144,T-Mobile,128GB
1420,144,Verizon,128GB
1421,144,Other,128GB
1422,144,Unlocked,128GB
1423,145,AT&T,128GB
1424,145,T-Mobile,128GB
1425,145,Verizon,128GB
1426,145,Other,128GB
1427,145,Unlocked,128GB
1428,145,AT&T,512GB
1429,145,T-Mobile,512GB
1430,145,Verizon,512GB
1431,145,Other,512GB
1432,145,Unlocked,512GB
1433,146,AT&T,256GB
1434,146,T-Mobile,256GB
1435,146,Verizon,256GB
1436,146,Other,256GB
1437,146,Unlocked,256GB
1438,146,AT&T,512GB
1439,146,T-Mobile,512GB
1440,146,Verizon,512GB
1441,146,Other,512GB
1442,146,Unlocked,512GB
1443,147,AT&T,256GB
1444,147,T-Mobile,256GB
1445,147,Verizon,256GB
1446,147,Other,256GB
1447,147,Unlocked,256GB
1448,147,AT&T,512GB
1449,147,T-Mobile,512GB
1450,147,Verizon,512GB
1451,147,Other,512GB
1452,147,Unlocked,512GB
1453,148,AT&T,128GB
1454,148,T-Mobile,128GB
1455,148,Verizon,128GB
1456,148,Other,128GB
1457,148,Unlocked,128GB
1458,148,AT&T,256GB
1459,148,T-Mobile,256GB
1460,148,Verizon,256GB
1461,148,Other,256GB
1462,148,Unlocked,256GB
1463,149,AT&T,128GB
1464,149,T-Mobile,128GB
1465,149,Verizon,128GB
1466,149,Other,128GB
1467,149,Unlocked,128GB
1468,150,AT&T,128GB
1469,150,T-Mobile,128GB
1470,150,Verizon,128GB
1471,150,Other,128GB
1472,150,Unlocked,128GB
1473,150,AT&T,256GB
1474,150,T-Mobile,256GB
1475,150,Verizon,256GB
1476,150,Other,256GB
1477,150,Unlocked,256GB
1478,150,AT&T,512GB
1479,150,T-Mobile,512GB
1480,150,Verizon,512GB
1481,150,Other,512GB
1482,150,Unlocked,512GB
1483,151,AT&T,16GB
1484,151,T-Mobile,16GB
1485,151,Verizon,16GB
1486,151,Other,16GB
1487,151,Unlocked,16GB
1488,151,AT&T,32GB
1489,151,T-Mobile,32GB
1490,151,Verizon,32GB
1491,151,Other,32GB
1492,151,Unlocked,32GB
1493,152,AT&T,32GB
1494,152,T-Mobile,32GB
1495,152,Verizon,32GB
1496,152,Other,32GB
1497,152,Unlocked,32GB
1498,152,AT&T,64GB
1499,152,T-Mobile,64GB
1500,152,Verizon,64GB
1501,152,Other,64GB
1502,152,Unlocked,64GB
1503,152,AT&T,128GB
1504,152,T-Mobile,128GB
1505,152,Verizon,128GB
1506,152,Other,128GB
1507,152,Unlocked,128GB
1508,153,AT&T,32GB
1509,153,T-Mobile,32GB
1510,153,Verizon,32GB
1511,153,Other,32GB
1512,153,Unlocked,32GB
1513,153,AT&T,64GB
1514,153,T-Mobile,64GB
1515,153,Verizon,64GB
1516,153,Other,64GB
1517,153,Unlocked,64GB
1518,153,AT&T,128GB
1519,153,T-Mobile,128GB
1520,153,Verizon,128GB
1521,153,Other,128GB
1522,153,Unlocked,128GB
1523,154,AT&T,32GB
1524,154,T-Mobile,32GB
1525,154,Verizon,32GB
1526,154,Other,32GB
1527,154,Unlocked,32GB
1528,154,AT&T,64GB
1529,154,T-Mobile,64GB
1530,154,Verizon,64GB
1531,154,Other,64GB
1532,154,Unlocked,64GB
1533,154,AT&T,128GB
1534,154,T-Mobile,128GB
1535,154,Verizon,128GB
1536,154,Other,128GB
1537,154,Unlocked,128GB
1538,155,AT&T,32GB
1539,155,T-Mobile,32GB
1540,155,Verizon,32GB
1541,155,Other,32GB
1542,155,Unlocked,32GB
1543,156,AT&T,32GB
1544,157,AT&T,32GB
1545,157,T-Mobile,32GB
1546,157,Verizon,32GB
1547,157,Other,32GB
1548,157,Unlocked,32GB
1549,158,AT&T,64GB
1550,158,T-Mobile,64GB
1551,158,Verizon,64GB
1552,158,Other,64GB
1553,158,Unlocked,64GB
1554,158,AT&T,128GB
1555,158,T-Mobile,128GB
1556,158,Verizon,128GB
1557,158,Other,128GB
1558,158,Unlocked,128GB
1559,159,AT&T,64GB
1560,159,T-Mobile,64GB
1561,159,Verizon,64GB
1562,159,Other,64GB
1563,159,Unlocked,64GB
1564,159,AT&T,128GB
1565,159,T-Mobile,128GB
1566,159,Verizon,128GB
1567,159,Other,128GB
1568,159,Unlocked,128GB
1569,160,AT&T,64GB
1570,160,T-Mobile,64GB
1571,160,Verizon,64GB
1572,160,Other,64GB
1573,160,Unlocked,64GB
1574,160,AT&T,128GB
1575,160,T-Mobile,128GB
1576,160,Verizon,128GB
1577,160,Other,128GB
1578,160,Unlocked,128GB
1579,160,AT&T,256GB
1580,160,T-Mobile,256GB
1581,160,Verizon,256GB
1582,160,Other,256GB
1583,160,Unlocked,256GB
1584,161,AT&T,64GB
1585,161,T-Mobile,64GB
1586,161,Verizon,64GB
1587,161,Other,64GB
1588,161,Unlocked,64GB
1589,161,AT&T,128GB
1590,161,T-Mobile,128GB
1591,161,Verizon,128GB
1592,161,Other,128GB
1593,161,Unlocked,128GB
1594,161,AT&T,256GB
1595,161,T-Mobile,256GB
1596,161,Verizon,256GB
1597,161,Other,256GB
1598,161,Unlocked,256GB
1599,162,AT&T,128GB
1600,162,T-Mobile,128GB
1601,162,Verizon,128GB
1602,162,Other,128GB
1603,162,Unlocked,128GB
1604,162,AT&T,512GB
1605,162,T-Mobile,512GB
1606,162,Verizon,512GB
1607,162,Other,512GB
1608,162,Unlocked,512GB
1609,163,AT&T,256GB
1610,163,T-Mobile,256GB
1611,163,Verizon,256GB
1612,163,Other,256GB
1613,163,Unlocked,256GB
1614,163,AT&T,512GB
1615,163,T-Mobile,512GB
1616,163,Verizon,512GB
1617,163,Other,512GB
1618,163,Unlocked,512GB
1619,164,AT&T,128GB
1620,164,T-Mobile,128GB
1621,164,Verizon,128GB
1622,164,Other,128GB
1623,164,Unlocked,128GB
1624,164,AT&T,512GB
1625,164,T-Mobile,512GB
1626,164,Verizon,512GB
1627,164,Other,512GB
1628,164,Unlocked,512GB
1629,164,AT&T,1TB
1630,164,T-Mobile,1TB
1631,164,Verizon,1TB
1632,164,Other,1TB
1633,164,Unlocked,1TB
1634,165,AT&T,128GB
1635,165,T-Mobile,128GB
1636,165,Verizon,128GB
1637,165,Other,128GB
1638,165,Unlocked,128GB
1639,165,AT&T,256GB
1640,165,T-Mobile,256GB
1641,165,Verizon,256GB
1642,165,Other,256GB
1643,165,Unlocked,256GB
1644,166,AT&T,128GB
1645,166,T-Mobile,128GB
1646,166,Verizon,128GB
1647,166,Other,128GB
1648,166,Unlocked,128GB
1649,167,AT&T,128GB
1650,167,T-Mobile,128GB
1651,167,Verizon,128GB
1652,167,Other,128GB
1653,167,Unlocked,128GB
1654,167,AT&T,256GB
1655,167,T-Mobile,256GB
1656,167,Verizon,256GB
1657,167,Other,256GB
1658,167,Unlocked,256GB
1659,168,AT&T,128GB
1660,168,T-Mobile,128GB
1661,168,Verizon,128GB
1662,168,Other,128GB
1663,168,Unlocked,128GB
1664,168,AT&T,512GB
1665,168,T-Mobile,512GB
1666,168,Verizon,512GB
1667,168,Other,512GB
1668,168,Unlocked,512GB
1669,169,AT&T,128GB
1670,169,T-Mobile,128GB
1671,169,Verizon,128GB
1672,169,Other,128GB
1673,169,Unlocked,128GB
1674,169,AT&T,512GB
1675,169,T-Mobile,512GB
1676,169,Verizon,512GB
1677,169,Other,512GB
1678,169,Unlocked,512GB
1679,170,AT&T,128GB
1680,170,T-Mobile,128GB
1681,170,Verizon,128GB
1682,170,Other,128GB
1683,170,Unlocked,128GB
1684,170,AT&T,256GB
1685,170,T-Mobile,256GB
1686,170,Verizon,256GB
1687,170,Other,256GB
1688,170,Unlocked,256GB
1689,171,AT&T,128GB
1690,171,T-Mobile,128GB
1691,171,Verizon,128GB
1692,171,Other,128GB
1693,171,Unlocked,128GB
1694,171,AT&T,256GB
1695,171,T-Mobile,256GB
1696,171,Verizon,256GB
1697,171,Other,256GB
1698,171,Unlocked,256GB
1699,172,AT&T,128GB
1700,172,T-Mobile,128GB
1701,172,Verizon,128GB
1702,172,Other,128GB
1703,172,Unlocked,128GB
1704,172,AT&T,256GB
1705,172,T-Mobile,256GB
1706,172,Verizon,256GB
1707,172,Other,256GB
1708,172,Unlocked,256GB
1709,173,AT&T,128GB
1710,173,T-Mobile,128GB
1711,173,Verizon,128GB
1712,173,Other,128GB
1713,173,Unlocked,128GB
1714,173,AT&T,256GB
1715,173,T-Mobile,256GB
1716,173,Verizon,256GB
1717,173,Other,256GB
1718,173,Unlocked,256GB
1719,174,AT&T,128GB
1720,174,T-Mobile,128GB
1721,174,Verizon,128GB
1722,174,Other,128GB
1723,174,Unlocked,128GB
1724,174,AT&T,256GB
1725,174,T-Mobile,256GB
1726,174,Verizon,256GB
1727,174,Other,256GB
1728,174,Unlocked,256GB
1729,174,AT&T,512GB
1730,174,T-Mobile,512GB
1731,174,Verizon,512GB
1732,174,Other,512GB
1733,174,Unlocked,512GB
1734,175,AT&T,128GB
1735,175,T-Mobile,128GB
1736,175,Verizon,128GB
1737,175,Other,128GB
1738,175,Unlocked,128GB
1739,175,AT&T,256GB
1740,175,T-Mobile,256GB
1741,175,Verizon,256GB
1742,175,Other,256GB
1743,175,Unlocked,256GB
1744,175,AT&T,512GB
1745,175,T-Mobile,512GB
1746,175,Verizon,512GB
1747,175,Other,512GB
1748,175,Unlocked,512GB
1749,176,AT&T,128GB
1750,176,T-Mobile,128GB
1751,176,Verizon,128GB
1752,176,Other,128GB
1753,176,Unlocked,128GB
1754,176,AT&T,256GB
1755,176,T-Mobile,256GB
1756,176,Verizon,256GB
1757,176,Other,256GB
1758,176,Unlocked,256GB
1759,177,AT&T,128GB
1760,177,T-Mobile,128GB
1761,177,Verizon,128GB
1762,177,Other,128GB
1763,177,Unlocked,128GB
1764,177,AT&T,256GB
1765,177,T-Mobile,256GB
1766,177,Verizon,256GB
1767,177,Other,256GB
1768,177,Unlocked,256GB
1769,178,AT&T,128GB
1770,178,T-Mobile,128GB
1771,178,Verizon,128GB
1772,178,Other,128GB
1773,178,Unlocked,128GB
1774,178,AT&T,256GB
1775,178,T-Mobile,256GB
1776,178,Verizon,256GB
1777,178,Other,256GB
1778,178,Unlocked,256GB
1779,179,AT&T,128GB
1780,179,T-Mobile,128GB
1781,179,Verizon,128GB
1782,179,Other,128GB
1783,179,Unlocked,128GB
1784,179,AT&T,256GB
1785,179,T-Mobile,256GB
1786,179,Verizon,256GB
1787,179,Other,256GB
1788,179,Unlocked,256GB
1789,180,AT&T,128GB
1790,180,T-Mobile,128GB
1791,180,Verizon,128GB
1792,180,Other,128GB
1793,180,Unlocked,128GB
1794,180,AT&T,256GB
1795,180,T-Mobile,256GB
1796,180,Verizon,256GB
1797,180,Other,256GB
1798,180,Unlocked,256GB
1799,180,AT&T,512GB
1800,180,T-Mobile,512GB
1801,180,Verizon,512GB
1802,180,Other,512GB
1803,180,Unlocked,512GB
1804,180,AT&T,1TB
1805,180,T-Mobile,1TB
1806,180,Verizon,1TB
1807,180,Other,1TB
1808,180,Unlocked,1TB
1809,181,AT&T,128GB
1810,181,T-Mobile,128GB
1811,181,Verizon,128GB
1812,181,Other,128GB
1813,181,Unlocked,128GB
1814,181,AT&T,256GB
1815,181,T-Mobile,256GB
1816,181,Verizon,256GB
1817,181,Other,256GB
1818,181,Unlocked,256GB
1819,181,AT&T,512GB
1820,181,T-Mobile,512GB
1821,181,Verizon,512GB
1822,181,Other,512GB
1823,181,Unlocked,512GB
1824,181,AT&T,1TB
1825,181,T-Mobile,1TB
1826,181,Verizon,1TB
1827,181,Other,1TB
1828,181,Unlocked,1TB
1829,182,AT&T,128GB
1830,182,T-Mobile,128GB
1831,182,Verizon,128GB
1832,182,Other,128GB
1833,182,Unlocked,128GB
1834,182,AT&T,256GB
1835,182,T-Mobile,256GB
1836,182,Verizon,256GB
1837,182,Other,256GB
1838,182,Unlocked,256GB
1839,182,AT&T,512GB
1840,182,T-Mobile,512GB
1841,182,Verizon,512GB
1842,182,Other,512GB
1843,182,Unlocked,512GB
1844,183,AT&T,128GB
1845,183,T-Mobile,128GB
1846,183,Verizon,128GB
1847,183,Other,128GB
1848,183,Unlocked,128GB
1849,183,AT&T,256GB
1850,183,T-Mobile,256GB
1851,183,Verizon,256GB
1852,183,Other,256GB
1853,183,Unlocked,256GB
1854,184,AT&T,128GB
1855,184,T-Mobile,128GB
1856,184,Verizon,128GB
1857,184,Other,128GB
1858,184,Unlocked,128GB
1859,184,AT&T,256GB
1860,184,T-Mobile,256GB
1861,184,Verizon,256GB
1862,184,Other,256GB
1863,184,Unlocked,256GB
1864,184,AT&T,512GB
1865,184,T-Mobile,512GB
1866,184,Verizon,512GB
1867,184,Other,512GB
1868,184,Unlocked,512GB
1869,185,AT&T,256GB
1870,185,T-Mobile,256GB
1871,185,Verizon,256GB
1872,185,Other,256GB
1873,185,Unlocked,256GB
1874,185,AT&T,512GB
1875,185,T-Mobile,512GB
1876,185,Verizon,512GB
1877,185,Other,512GB
1878,185,Unlocked,512GB
1879,185,AT&T,1TB
1880,185,T-Mobile,1TB
1881,185,Verizon,1TB
1882,185,Other,1TB
1883,185,Unlocked,1TB
1884,186,AT&T,128GB
1885,186,T-Mobile,128GB
1886,186,Verizon,128GB
1887,186,Other,128GB
1888,186,Unlocked,128GB
1889,186,AT&T,256GB
1890,186,T-Mobile,256GB
1891,186,Verizon,256GB
1892,186,Other,256GB
1893,186,Unlocked,256GB
1894,187,AT&T,128GB
1895,187,T-Mobile,128GB
1896,187,Verizon,128GB
1897,187,Other,128GB
1898,187,Unlocked,128GB
1899,187,AT&T,256GB
1900,187,T-Mobile,256GB
1901,187,Verizon,256GB
1902,187,Other,256GB
1903,187,Unlocked,256GB
1904,188,AT&T,128GB
1905,188,T-Mobile,128GB
1906,188,Verizon,128GB
1907,188,Other,128GB
1908,188,Unlocked,128GB
1909,188,AT&T,256GB
1910,188,T-Mobile,256GB
1911,188,Verizon,256GB
1912,188,Other,256GB
1913,188,Unlocked,256GB
1914,188,AT&T,512GB
1915,188,T-Mobile,512GB
1916,188,Verizon,512GB
1917,188,Other,512GB
1918,188,Unlocked,512GB
1919,189,AT&T,256GB
1920,189,T-Mobile,256GB
1921,189,Verizon,256GB
1922,189,Other,256GB
1923,189,Unlocked,256GB
1924,189,AT&T,512GB
1925,189,T-Mobile,512GB
1926,189,Verizon,512GB
1927,189,Other,512GB
1928,189,Unlocked,512GB
1929,189,AT&T,1TB
1930,189,T-Mobile,1TB
1931,189,Verizon,1TB
1932,189,Other,1TB
1933,189,Unlocked,1TB
1934,190,AT&T,128GB
1935,190,T-Mobile,128GB
1936,190,Verizon,128GB
1937,190,Unlocked,128GB
1938,190,Other,128GB
1939,190,AT&T,256GB
1940,190,T-Mobile,256GB
1941,190,Verizon,256GB
1942,190,Unlocked,256GB
1943,190,Other,256GB
1944,191,AT&T,128GB
1945,191,T-Mobile,128GB
1946,191,Verizon,128GB
1947,191,Unlocked,128GB
1948,191,Other,128GB
1949,191,AT&T,256GB
1950,191,T-Mobile,256GB
1951,191,Verizon,256GB
1952,191,Unlocked,256GB
1953,191,Other,256GB
1954,192,AT&T,256GB
1955,192,T-Mobile,256GB
1956,192,Verizon,256GB
1957,192,Unlocked,256GB
1958,192,Other,256GB
1959,192,AT&T,512GB
1960,192,T-Mobile,512GB
1961,192,Verizon,512GB
1962,192,Unlocked,512GB
1963,192,Other,512GB
1964,193,AT&T,256GB
1965,193,T-Mobile,256GB
1966,193,Verizon,256GB
1967,193,Unlocked,256GB
1968,193,Other,256GB
1969,193,AT&T,512GB
1970,193,T-Mobile,512GB
1971,193,Verizon,512GB
1972,193,Unlocked,512GB
1973,193,Other,512GB
1974,193,AT&T,1TB
1975,193,T-Mobile,1TB
1976,193,Verizon,1TB
1977,193,Unlocked,1TB
1978,193,Other,1TB
1979,194,AT&T,256GB
1980,194,T-Mobile,256GB
1981,194,Verizon,256GB
1982,194,Unlocked,256GB
1983,194,Other,256GB
1984,194,AT&T,512GB
1985,194,T-Mobile,512GB
1986,194,Verizon,512GB
1987,194,Unlocked,512GB
1988,194,Other,512GB
1989,194,AT&T,1TB
1990,194,T-Mobile,1TB
1991,194,Verizon,1TB
1992,194,Unlocked,1TB
1993,194,Other,1TB
1994,195,AT&T,128GB
1995,195,T-Mobile,128GB
1996,195,Verizon,128GB
1997,195,Unlocked,128GB
1998,195,Other,128GB
1999,195,AT&T,256GB
2000,195,T-Mobile,256GB
2001,195,Verizon,256GB
2002,195,Unlocked,256GB
2003,195,Other,256GB
2004,196,AT&T,256GB
2005,196,T-Mobile,256GB
2006,196,Verizon,256GB
2007,196,Unlocked,256GB
2008,196,Other,256GB
2009,196,AT&T,512GB
2010,196,T-Mobile,512GB
2011,196,Verizon,512GB
2012,196,Unlocked,512GB
2013,196,Other,512GB
2014,197,AT&T,256GB
2015,197,T-Mobile,256GB
2016,197,Verizon,256GB
2017,197,Unlocked,256GB
2018,197,Other,256GB
2019,197,AT&T,512GB
2020,197,T-Mobile,512GB
2021,197,Verizon,512GB
2022,197,Unlocked,512GB
2023,197,Other,512GB
2024,197,AT&T,1TB
2025,197,T-Mobile,1TB
2026,197,Verizon,1TB
2027,197,Unlocked,1TB
2028,197,Other,1TB
2029,198,AT&T,256GB
2030,198,T-Mobile,256GB
2031,198,Verizon,256GB
2032,198,Other,256GB
2033,198,Unlocked,256GB
2034,199,AT&T,256GB
2035,199,T-Mobile,256GB
2036,199,Verizon,256GB
2037,199,Other,256GB
2038,199,Unlocked,256GB
2039,200,AT&T,256GB
2040,200,T-Mobile,256GB
2041,200,Verizon,256GB
2042,200,Other,256GB
2043,200,Unlocked,256GB
2044,201,AT&T,128GB
2045,201,T-Mobile,128GB
2046,201,Verizon,128GB
2047,201,Other,128GB
2048,201,Unlocked,128GB
2049,201,AT&T,256GB
2050,201,T-Mobile,256GB
2051,201,Verizon,256GB
2052,201,Other,256GB
2053,201,Unlocked,256GB
2054,202,AT&T,128GB
2055,202,T-Mobile,128GB
2056,202,Verizon,128GB
2057,202,Other,128GB
2058,202,Unlocked,128GB
2059,202,AT&T,256GB
2060,202,T-Mobile,256GB
2061,202,Verizon,256GB
2062,202,Other,256GB
2063,202,Unlocked,256GB
2064,202,AT&T,512GB
2065,202,T-Mobile,512GB
2066,202,Verizon,512GB
2067,202,Other,512GB
2068,202,Unlocked,512GB
2069,203,AT&T,256GB
2070,203,T-Mobile,256GB
2071,203,Verizon,256GB
2072,203,Other,256GB
2073,203,Unlocked,256GB
2074,203,AT&T,512GB
2075,203,T-Mobile,512GB
2076,203,Verizon,512GB
2077,203,Other,512GB
2078,203,Unlocked,512GB
2079,204,AT&T,256GB
2080,204,T-Mobile,256GB
2081,204,Verizon,256GB
2082,204,Other,256GB
2083,204,Unlocked,256GB
2084,204,AT&T,512GB
2085,204,T-Mobile,512GB
2086,204,Verizon,512GB
2087,204,Other,512GB
2088,204,Unlocked,512GB
2089,205,AT&T,256GB
2090,205,T-Mobile,256GB
2091,205,Verizon,256GB
2092,205,Other,256GB
2093,205,Unlocked,256GB
2094,205,AT&T,512GB
2095,205,T-Mobile,512GB
2096,205,Verizon,512GB
2097,205,Other,512GB
2098,205,Unlocked,512GB
2099,206,AT&T,128GB
2100,206,T-Mobile,128GB
2101,206,Verizon,128GB
2102,206,Other,128GB
2103,206,Unlocked,128GB
2104,206,AT&T,256GB
2105,206,T-Mobile,256GB
2106,206,Verizon,256GB
2107,206,Other,256GB
2108,206,Unlocked,256GB
2109,207,AT&T,256GB
2110,207,T-Mobile,256GB
2111,207,Verizon,256GB
2112,207,Other,256GB
2113,207,Unlocked,256GB
2114,207,AT&T,512GB
2115,207,T-Mobile,512GB
2116,207,Verizon,512GB
2117,207,Other,512GB
2118,207,Unlocked,512GB
2119,208,AT&T,256GB
2120,208,T-Mobile,256GB
2121,208,Verizon,256GB
2122,208,Other,256GB
2123,208,Unlocked,256GB
2124,208,AT&T,512GB
2125,208,T-Mobile,512GB
2126,208,Verizon,512GB
2127,208,Other,512GB
2128,208,Unlocked,512GB
2129,209,AT&T,256GB
2130,209,T-Mobile,256GB
2131,209,Verizon,256GB
2132,209,Other,256GB
2133,209,Unlocked,256GB
2134,209,AT&T,512GB
2135,209,T-Mobile,512GB
2136,209,Verizon,512GB
2137,209,Other,512GB
2138,209,Unlocked,512GB
2139,209,AT&T,1TB
2140,209,T-Mobile,1TB
2141,209,Verizon,1TB
2142,209,Other,1TB
2143,209,Unlocked,1TB
2144,210,AT&T,256GB
2145,210,T-Mobile,256GB
2146,210,Verizon,256GB
2147,210,Other,256GB
2148,210,Unlocked,256GB
2149,210,AT&T,512GB
2150,210,T-Mobile,512GB
2151,210,Verizon,512GB
2152,210,Other,512GB
2153,210,Unlocked,512GB
2154,210,AT&T,1TB
2155,210,T-Mobile,1TB
2156,210,Verizon,1TB
2157,210,Other,1TB
2158,210,Unlocked,1TB
2159,211,AT&T,256GB
2160,211,T-Mobile,256GB
2161,211,Verizon,256GB
2162,211,Other,256GB
2163,211,Unlocked,256GB
2164,211,AT&T,512GB
2165,211,T-Mobile,512GB
2166,211,Verizon,512GB
2167,211,Other,512GB
2168,211,Unlocked,512GB
2169,211,AT&T,1TB
2170,211,T-Mobile,1TB
2171,211,Verizon,1TB
2172,211,Other,1TB
2173,211,Unlocked,1TB
2174,212,AT&T,256GB
2175,212,T-Mobile,256GB
2176,212,Verizon,256GB
2177,212,Other,256GB
2178,212,Unlocked,256GB
2179,212,AT&T,512GB
2180,212,T-Mobile,512GB
2181,212,Verizon,512GB
2182,212,Other,512GB
2183,212,Unlocked,512GB
2184,212,AT&T,1TB
2185,212,T-Mobile,1TB
2186,212,Verizon,1TB
2187,212,Other,1TB
2188,212,Unlocked,1TB
2189,213,Unlocked,32GB
2190,214,Unlocked,32GB
2191,215,Wi-Fi,16GB
2192,215,Wi-Fi + Cellular,16GB
2193,215,Wi-Fi,32GB
2194,215,Wi-Fi + Cellular,32GB
2195,215,Wi-Fi,64GB
2196,215,Wi-Fi + Cellular,64GB
2197,216,Wi-Fi,32GB
2198,216,Wi-Fi + Cellular,32GB
2199,216,Wi-Fi,64GB
2200,216,Wi-Fi + Cellular,64GB
2201,216,Wi-Fi,16GB
2202,216,Wi-Fi + Cellular,16GB
2203,217,Wi-Fi,16GB
2204,217,Wi-Fi + Cellular,16GB
2205,217,Wi-Fi,32GB
2206,217,Wi-Fi + Cellular,32GB
2207,217,Wi-Fi,64GB
2208,217,Wi-Fi + Cellular,64GB
2209,217,Wi-Fi,128GB
2210,217,Wi-Fi + Cellular,128GB
2211,218,Wi-Fi,16GB
2212,218,Wi-Fi + Cellular,16GB
2213,218,Wi-Fi,32GB
2214,218,Wi-Fi + Cellular,32GB
2215,218,Wi-Fi,64GB
2216,218,Wi-Fi + Cellular,64GB
2217,218,Wi-Fi,128GB
2218,218,Wi-Fi + Cellular,128GB
2219,219,Wi-Fi,16GB
2220,219,Wi-Fi + Cellular,16GB
2221,219,Wi-Fi,32GB
2222,219,Wi-Fi + Cellular,32GB
2223,219,Wi-Fi,64GB
2224,219,Wi-Fi + Cellular,64GB
2225,219,Wi-Fi,128GB
2226,219,Wi-Fi + Cellular,128GB
2227,220,Wi-Fi,64GB
2228,220,Wi-Fi + Cellular,64GB
2229,220,Wi-Fi,256GB
2230,220,Wi-Fi + Cellular,256GB
2231,221,Wi-Fi,64GB
2232,221,Wi-Fi + Cellular,64GB
2233,221,Wi-Fi,256GB
2234,221,Wi-Fi + Cellular,256GB
2235,222,Wi-Fi,64GB
2236,222,Wi-Fi + Cellular,64GB
2237,222,Wi-Fi,256GB
2238,222,Wi-Fi + Cellular,256GB
2239,223,Wi-Fi,16GB
2240,223,Wi-Fi + Cellular,16GB
2241,223,Wi-Fi,32GB
2242,223,Wi-Fi + Cellular,32GB
2243,223,Wi-Fi,64GB
2244,223,Wi-Fi + Cellular,64GB
2245,224,Wi-Fi,16GB
2246,224,Wi-Fi + Cellular,16GB
2247,224,Wi-Fi,32GB
2248,224,Wi-Fi + Cellular,32GB
2249,224,Wi-Fi,64GB
2250,224,Wi-Fi + Cellular,64GB
2251,224,Wi-Fi,128GB
2252,224,Wi-Fi + Cellular,128GB
2253,225,Wi-Fi,16GB
2254,225,Wi-Fi + Cellular,16GB
2255,225,Wi-Fi,64GB
2256,225,Wi-Fi + Cellular,64GB
2257,225,Wi-Fi,128GB
2258,225,Wi-Fi + Cellular,128GB
2259,226,Wi-Fi,16GB
2260,226,Wi-Fi + Cellular,16GB
2261,226,Wi-Fi,32GB
2262,226,Wi-Fi + Cellular,32GB
2263,226,Wi-Fi,64GB
2264,226,Wi-Fi + Cellular,64GB
2265,226,Wi-Fi,128GB
2266,226,Wi-Fi + Cellular,128GB
2267,226,Wi-Fi,256GB
2268,226,Wi-Fi + Cellular,256GB
2269,227,Wi-Fi,64GB
2270,227,Wi-Fi + Cellular,64GB
2271,227,Wi-Fi,256GB
2272,227,Wi-Fi + Cellular,256GB
2273,228,Wi-Fi,64GB
2274,228,Wi-Fi + Cellular,64GB
2275,228,Wi-Fi,256GB
2276,228,Wi-Fi + Cellular,256GB
2277,229,Wi-Fi,128GB
2278,229,Wi-Fi + Cellular,128GB
2279,229,Wi-Fi,256GB
2280,229,Wi-Fi + Cellular,256GB
2281,229,Wi-Fi,512GB
2282,229,Wi-Fi + Cellular,512GB
2283,230,Wi-Fi,32GB
2284,230,Wi-Fi + Cellular,32GB
2285,230,Wi-Fi,64GB
2286,230,Wi-Fi + Cellular,64GB
2287,230,Wi-Fi,128GB
2288,230,Wi-Fi + Cellular,128GB
2289,230,Wi-Fi,256GB
2290,230,Wi-Fi + Cellular,256GB
2291,231,Wi-Fi,64GB
2292,231,Wi-Fi + Cellular,64GB
2293,231,Wi-Fi,128GB
2294,231,Wi-Fi + Cellular,128GB
2295,231,Wi-Fi,256GB
2296,231,Wi-Fi + Cellular,256GB
2297,231,Wi-Fi,512GB
2298,231,Wi-Fi + Cellular,512GB
2299,232,Wi-Fi,64GB
2300,232,Wi-Fi + Cellular,64GB
2301,232,Wi-Fi,128GB
2302,232,Wi-Fi + Cellular,128GB
2303,232,Wi-Fi,256GB
2304,232,Wi-Fi + Cellular,256GB
2305,232,Wi-Fi,512GB
2306,232,Wi-Fi + Cellular,512GB
2307,232,Wi-Fi,1TB
2308,232,Wi-Fi + Cellular,1TB
2309,233,Wi-Fi,128GB
2310,233,Wi-Fi + Cellular,128GB
2311,233,Wi-Fi,256GB
2312,233,Wi-Fi + Cellular,256GB
2313,233,Wi-Fi,512GB
2314,233,Wi-Fi + Cellular,512GB
2315,233,Wi-Fi,1TB
2316,233,Wi-Fi + Cellular,1TB
2317,234,Wi-Fi,128GB
2318,234,Wi-Fi + Cellular,128GB
2319,234,Wi-Fi,256GB
2320,234,Wi-Fi + Cellular,256GB
2321,234,Wi-Fi,512GB
2322,234,Wi-Fi + Cellular,512GB
2323,234,Wi-Fi,1TB
2324,234,Wi-Fi + Cellular,1TB
2325,234,Wi-Fi,2TB
2326,234,Wi-Fi + Cellular,2TB
2327,235,Wi-Fi,128GB
2328,235,Wi-Fi + Cellular,128GB
2329,235,Wi-Fi,256GB
2330,235,Wi-Fi + Cellular,256GB
2331,235,Wi-Fi,512GB
2332,235,Wi-Fi + Cellular,512GB
2333,235,Wi-Fi,1TB
2334,235,Wi-Fi + Cellular,1TB
2335,235,Wi-Fi,2TB
2336,235,Wi-Fi + Cellular,2TB
2337,236,Wi-Fi,64GB
2338,236,Wi-Fi + Cellular,64GB
2339,236,Wi-Fi,256GB
2340,236,Wi-Fi + Cellular,256GB
2341,236,Wi-Fi,512GB
2342,236,Wi-Fi + Cellular,512GB
2343,237,Wi-Fi,32GB
2344,237,Wi-Fi + Cellular,32GB
2345,237,Wi-Fi,128GB
2346,237,Wi-Fi + Cellular,128GB
2347,237,Wi-Fi,256GB
2348,237,Wi-Fi + Cellular,256GB
2349,238,Wi-Fi,32GB
2350,238,Wi-Fi + Cellular,32GB
2351,238,Wi-Fi,128GB
2352,238,Wi-Fi + Cellular,128GB
2353,239,Wi-Fi,32GB
2354,239,Wi-Fi + Cellular,32GB
2355,239,Wi-Fi,128GB
2356,239,Wi-Fi + Cellular,128GB
2357,240,Wi-Fi,32GB
2358,240,Wi-Fi + Cellular,32GB
2359,240,Wi-Fi,128GB
2360,240,Wi-Fi + Cellular,128GB
2361,241,Wi-Fi,32GB
2362,241,Wi-Fi + Cellular,32GB
2363,241,Wi-Fi,64GB
2364,241,Wi-Fi + Cellular,64GB
2365,241,Wi-Fi,128GB
2366,241,Wi-Fi + Cellular,128GB
2367,241,Wi-Fi,256GB
2368,241,Wi-Fi + Cellular,256GB
2369,242,Wi-Fi,64GB
2370,242,Wi-Fi + Cellular,64GB
2371,242,Wi-Fi,256GB
2372,242,Wi-Fi + Cellular,256GB
2373,243,Wi-Fi,64GB
2374,243,Wi-Fi + Cellular,64GB
2375,243,Wi-Fi,256GB
2376,243,Wi-Fi + Cellular,256GB
2377,243,Wi-Fi,512GB
2378,243,Wi-Fi + Cellular,512GB
2379,243,Wi-Fi,1TB
2380,243,Wi-Fi + Cellular,1TB
2381,244,Wi-Fi,128GB
2382,244,Wi-Fi + Cellular,128GB
2383,244,Wi-Fi,256GB
2384,244,Wi-Fi + Cellular,256GB
2385,244,Wi-Fi,512GB
2386,244,Wi-Fi + Cellular,512GB
2387,244,Wi-Fi,1TB
2388,244,Wi-Fi + Cellular,1TB
2389,245,Wi-Fi,128GB
2390,245,Wi-Fi + Cellular,128GB
2391,245,Wi-Fi,256GB
2392,245,Wi-Fi + Cellular,256GB
2393,245,Wi-Fi,512GB
2394,245,Wi-Fi + Cellular,512GB
2395,245,Wi-Fi,1TB
2396,245,Wi-Fi + Cellular,1TB
2397,245,Wi-Fi,2TB
2398,245,Wi-Fi + Cellular,2TB
2399,246,Wi-Fi,64GB
2400,246,Wi-Fi + Cellular,64GB
2401,246,Wi-Fi,256GB
2402,246,Wi-Fi + Cellular,256GB
2403,247,Wi-Fi,128GB
2404,247,Wi-Fi + Cellular,128GB
2405,247,Wi-Fi,256GB
2406,247,Wi-Fi + Cellular,256GB
2407,247,Wi-Fi,512GB
2408,247,Wi-Fi + Cellular,512GB
2409,247,Wi-Fi,1TB
2410,247,Wi-Fi + Cellular,1TB
2411,247,Wi-Fi,2TB
2412,247,Wi-Fi + Cellular,2TB
2413,248,Wi-Fi,256GB
2414,248,Wi-Fi + Cellular,256GB
2415,248,Wi-Fi,512GB
2416,248,Wi-Fi + Cellular,512GB
2417,248,Wi-Fi,1TB
2418,248,Wi-Fi + Cellular,1TB
2419,248,Wi-Fi,2TB
2420,248,Wi-Fi + Cellular,2TB
2421,249,Wi-Fi,1TB
2422,249,Wi-Fi + Cellular,1TB
2423,249,Wi-Fi,2TB
2424,249,Wi-Fi + Cellular,2TB
2425,250,Wi-Fi,256GB
2426,250,Wi-Fi + Cellular,256GB
2427,250,Wi-Fi,512GB
2428,250,Wi-Fi + Cellular,512GB
2429,250,Wi-Fi,1TB
2430,250,Wi-Fi + Cellular,1TB
2431,250,Wi-Fi,2TB
2432,250,Wi-Fi + Cellular,2TB
2433,251,Wi-Fi,1TB
2434,251,Wi-Fi + Cellular,1TB
2435,251,Wi-Fi,2TB
2436,251,Wi-Fi + Cellular,2TB
2437,252,Wi-Fi,128GB
2438,252,Wi-Fi + Cellular,128GB
2439,252,Wi-Fi,256GB
2440,252,Wi-Fi + Cellular,256GB
2441,252,Wi-Fi,512GB
2442,252,Wi-Fi + Cellular,512GB
2443,252,Wi-Fi,1TB
2444,252,Wi-Fi + Cellular,1TB
2445,253,Wi-Fi,128GB
2446,253,Wi-Fi + Cellular,128GB
2447,253,Wi-Fi,256GB
2448,253,Wi-Fi + Cellular,256GB
2449,253,Wi-Fi,512GB
2450,253,Wi-Fi + Cellular,512GB
2451,253,Wi-Fi,1TB
2452,253,Wi-Fi + Cellular,1TB
2453,254,Wi-Fi,128GB
2454,254,Wi-Fi + Cellular,128GB
2455,254,Wi-Fi,256GB
2456,254,Wi-Fi + Cellular,256GB
2457,254,Wi-Fi,512GB
2458,254,Wi-Fi + Cellular,512GB
2459,254,Wi-Fi,1TB
2460,254,Wi-Fi + Cellular,1TB
2461,255,Wi-Fi,128GB
2462,255,Wi-Fi + Cellular,128GB
2463,255,Wi-Fi,256GB
2464,255,Wi-Fi + Cellular,256GB
2465,255,Wi-Fi,512GB
2466,255,Wi-Fi + Cellular,512GB
2467,255,Wi-Fi,1TB
2468,255,Wi-Fi + Cellular,1TB
2469,256,Wi-Fi,128GB
2470,256,Wi-Fi + Cellular,128GB
2471,256,Wi-Fi,256GB
2472,256,Wi-Fi + Cellular,256GB
2473,256,Wi-Fi,512GB
2474,256,Wi-Fi + Cellular,512GB
2475,257,Wi-Fi,256GB
2476,257,Wi-Fi+Cellular,256GB
2477,257,Wi-Fi,512GB
2478,257,Wi-Fi+Cellular,512GB
2479,257,Wi-Fi,1TB
2480,257,Wi-Fi+Cellular,1TB
2481,257,Wi-Fi,2TB
2482,257,Wi-Fi+Cellular,2TB
2483,258,Wi-Fi,1TB
2484,258,Wi-Fi+Cellular,1TB
2485,258,Wi-Fi,2TB
2486,258,Wi-Fi+Cellular,2TB
2487,259,Wi-Fi,256GB
2488,259,Wi-Fi+Cellular,256GB
2489,259,Wi-Fi,512GB
2490,259,Wi-Fi+Cellular,512GB
2491,259,Wi-Fi,1TB
2492,259,Wi-Fi+Cellular,1TB
2493,259,Wi-Fi,2TB
2494,259,Wi-Fi+Cellular,2TB
2495,260,Wi-Fi,1TB
2496,260,Wi-Fi+Cellular,1TB
2497,260,Wi-Fi,2TB
2498,260,Wi-Fi+Cellular,2TB
2499,261,Wi-Fi,128GB
2500,261,Wi-Fi+Cellular,128GB
2501,261,Wi-Fi,256GB
2502,261,Wi-Fi+Cellular,256GB
2503,261,Wi-Fi,512GB
2504,261,Wi-Fi+Cellular,512GB
2505,261,Wi-Fi,1TB
2506,261,Wi-Fi+Cellular,1TB
2507,262,Wi-Fi,128GB
2508,262,Wi-Fi+Cellular,128GB
2509,262,Wi-Fi,256GB
2510,262,Wi-Fi+Cellular,256GB
2511,262,Wi-Fi,512GB
2512,262,Wi-Fi+Cellular,512GB
2513,262,Wi-Fi,1TB
2514,262,Wi-Fi+Cellular,1TB
2515,263,-,64GB
2516,263,-,128GB
2517,263,-,8GB
2518,263,-,4GB
2519,264,-,64GB
2520,264,-,128GB
2521,264,-,256GB
2522,264,-,8GB
2523,264,-,4GB
2524,265,-,256GB
2525,265,-,512GB
2526,265,-,8GB
2527,265,-,4GB
2528,266,-,128GB
2529,267,-,128GB
2530,267,-,256GB
2531,268,-,512GB
2532,269,-,128GB
2533,270,-,128GB
2534,270,-,256GB
2535,271,-,256GB
2536,271,-,512GB
2537,271,-,1TB
2538,272,-,128GB
2539,272,-,256GB
2540,273,-,256GB
2541,273,-,512GB
2542,273,-,1TB
2543,274,-,128GB
2544,275,-,16GB
2545,275,-,128GB
2546,275,-,256GB
2547,275,-,8GB
2548,276,-,16GB
2549,276,-,256GB
2550,276,-,512GB
2551,276,-,1TB
2552,277,-,128GB
2553,277,Wi-Fi,128GB
2554,278,-,128GB
2555,278,Wi-Fi,128GB
2556,278,-,256GB
2557,278,Wi-Fi,256GB
2558,279,-,256GB
2559,279,Wi-Fi,256GB
2560,279,-,512GB
2561,279,Wi-Fi,512GB
2562,279,-,1TB
2563,279,Wi-Fi,1TB
2564,280,-,128GB
2565,280,-,256GB
2566,280,-,512GB
2567,281,-,256GB
2568,281,-,512GB
2569,281,-,1TB
2570,282,-,128GB
2571,282,-,256GB
2572,283,-,256GB
2573,283,-,512GB
2574,284,-,16GB
2575,284,-,1TB
2576,284,-,8GB
2577,285,-,32GB
2578,285,-,16GB
2579,285,-,1TB
2580,285,-,2TB
2581,286,-,32GB
2582,286,-,16GB
2583,286,-,1TB
2584,286,-,2TB
2585,287,-,128GB
2586,287,-,256GB
2587,288,-,128GB
2588,288,-,256GB
2589,288,-,512GB
2590,289,Unlocked,64GB
2591,289,Unlocked,128GB
2592,289,Unlocked,256GB
2593,290,-,8GB
2594,290,-,16GB
2595,290,-,128GB
2596,290,-,256GB
2597,291,-,8GB
2598,291,-,16GB
2599,292,Aluminium,38mm
2600,292,Stainless Steel,38mm
2601,292,Aluminium,42mm
2602,292,Stainless Steel,42mm
2603,293,Aluminium,38mm
2604,293,Stainless Steel,38mm
2605,293,Aluminium,42mm
2606,293,Stainless Steel,42mm
2607,294,Aluminium,38mm
2608,294,Stainless Steel,38mm
2609,294,Aluminium,42mm
2610,294,Stainless Steel,42mm
2611,295,Aluminium,38mm
2612,295,Stainless Steel,38mm
2613,295,Aluminium,42mm
2614,295,Stainless Steel,42mm
2615,296,Aluminium,38mm
2616,296,Stainless Steel,38mm
2617,296,Aluminium,42mm
2618,296,Stainless Steel,42mm
2619,297,Aluminium,38mm
2620,297,Stainless Steel,38mm
2621,297,Aluminium,42mm
2622,297,Stainless Steel,42mm
2623,298,Aluminium,40mm
2624,298,Stainless Steel,40mm
2625,298,Aluminium,44mm
2626,298,Stainless Steel,44mm
2627,299,Aluminium,40mm
2628,299,Stainless Steel,40mm
2629,299,Aluminium,44mm
2630,299,Stainless Steel,44mm
2631,300,Aluminium,40mm
2632,300,Stainless Steel,40mm
2633,300,Titanium,40mm
2634,300,Aluminium,44mm
2635,300,Stainless Steel,44mm
2636,300,Titanium,44mm
2637,301,Aluminium,40mm
2638,301,Stainless Steel,40mm
2639,301,Titanium,40mm
2640,301,Aluminium,44mm
2641,301,Stainless Steel,44mm
2642,301,Titanium,44mm
2643,302,Aluminium,40mm
2644,302,Stainless Steel,40mm
2645,302,Titanium,40mm
2646,302,Aluminium,44mm
2647,302,Stainless Steel,44mm
2648,302,Titanium,44mm
2649,303,Aluminium,40mm
2650,303,Stainless Steel,40mm
2651,303,Titanium,40mm
2652,303,Aluminium,44mm
2653,303,Stainless Steel,44mm
2654,303,Titanium,44mm
2655,304,Aluminium,41mm
2656,304,Stainless Steel,41mm
2657,304,Titanium,41mm
2658,304,Aluminium,45mm
2659,304,Stainless Steel,45mm
2660,304,Titanium,45mm
2661,305,Aluminium,41mm
2662,305,Stainless Steel,41mm
2663,305,Titanium,41mm
2664,305,Aluminium,45mm
2665,305,Stainless Steel,45mm
2666,305,Titanium,45mm
2667,306,Aluminium,40mm
2668,306,Aluminium,44mm
2669,307,Aluminium,40mm
2670,307,Aluminium,44mm
2671,308,Aluminium,40mm
2672,308,Aluminium,44mm
2673,309,Aluminium,40mm
2674,309,Aluminium,44mm
2675,310,Aluminium,40mm
2676,310,Aluminium,44mm
2677,311,Aluminium,40mm
2678,311,Aluminium,44mm
2679,312,Aluminium,41mm
2680,312,Stainless Steel,41mm
2681,312,Aluminium,45mm
2682,312,Stainless Steel,45mm
2683,313,Aluminium,41mm
2684,313,Stainless Steel,41mm
2685,313,Aluminium,45mm
2686,313,Stainless Steel,45mm
2687,314,Titanium,49mm
2688,315,Aluminium,41mm
2689,315,Stainless Steel,41mm
2690,315,Aluminium,45mm
2691,315,Stainless Steel,45mm
2692,316,Aluminium,41mm
2693,316,Stainless Steel,41mm
2694,316,Aluminium,45mm
2695,316,Stainless Steel,45mm
2696,317,Aluminium,42mm
2697,317,Titanium,42mm
2698,317,Aluminium,46mm
2699,317,Titanium,46mm
2700,318,Aluminium,42mm
2701,318,Titanium,42mm
2702,318,Aluminium,46mm
2703,318,Titanium,46mm
2704,319,Aluminium,42mm
2705,319,Titanium,42mm
2706,319,Aluminium,46mm
2707,319,Titanium,46mm
2708,320,Aluminium,42mm
2709,320,Titanium,42mm
2710,320,Aluminium,46mm
2711,320,Titanium,46mm
2712,321,Titanium,49mm
2713,322,Titanium,49mm
2714,323,-,0
2715,324,-,0
2716,325,-,0
2717,326,-,0
2718,327,-,0
2719,328,-,0
2720,329,-,0
2721,330,-,0
2722,331,-,0
2723,332,-,0
2724,333,-,-
2725,334,-,-
2726,335,-,-
2727,336,-,-
2728,337,-,-
2729,338,AT&T,-
2730,338,T-Mobile,-
2731,338,Verizon,-
2732,339,-,-
2733,340,-,-
2734,341,-,-
2735,342,-,-
2736,343,-,-
2737,344,-,45mm
2738,345,-,41mm
2739,345,-,45mm
2740,346,-,40mm
2741,346,-,44mm
2742,347,-,42mm
2743,347,-,46mm
2744,348,-,-
2745,349,-,-
2746,350,-,-
2747,351,-,-
2748,352,-,-
2749,352,-,20GB
2750,352,-,60GB
2751,352,-,250GB
2752,353,-,-
2753,353,-,4GB
2754,353,-,120GB
2755,353,-,250GB
2756,353,-,320GB
2757,353,-,500GB
2758,354,-,-
2759,354,-,4GB
2760,354,-,120GB
2761,354,-,250GB
2762,354,-,320GB
2763,354,-,500GB
2764,355,-,-
2765,355,-,120GB
2766,355,-,250GB
2767,356,-,500GB
2768,356,-,1TB
2769,357,-,500GB
2770,357,-,1TB
2771,357,-,2TB
2772,358,-,-
2773,359,-,512GB
2774,359,-,1TB
2775,360,-,1TB
2776,360,-,2TB
2777,361,-,-
2778,362,-,-
2779,363,-,-
2780,364,-,-
2781,365,-,-
2782,366,-,-
2783,367,-,-
2784,368,-,-
2785,369,-,-
2786,370,-,-
2787,371,-,-
2788,372,-,-
2789,373,-,-
2790,374,-,-
2791,375,-,-
2792,376,-,-
2793,377,-,-
2794,378,-,-
2795,379,-,-
2796,380,-,-
2797,381,-,-
2798,382,-,-
2799,383,-,-
2800,384,-,-
2801,385,-,-
2802,386,-,-
2803,387,-,120GB
2804,387,-,160GB
2805,387,-,250GB
2806,387,-,320GB
2807,387,-,500GB
2808,388,-,500GB
2809,388,-,1TB
2810,389,-,500GB
2811,389,-,1TB
2812,390,-,-
2813,391,-,-
2814,392,-,-
2815,393,-,-
2816,394,-,-
2817,395,-,20GB
2818,395,-,40GB
2819,395,-,60GB
2820,395,-,80GB
2821,395,-,160GB
2822,395,-,320GB
2823,396,-,120GB
2824,396,-,160GB
2825,396,-,250GB
2826,396,-,320GB
2827,396,-,500GB
2828,397,-,120GB
2829,397,-,250GB
2830,397,-,320GB
2831,397,-,500GB
2832,397,-,12GB
2833,398,-,500GB
2834,398,-,1TB
2835,399,-,500GB
2836,399,-,1TB
2837,400,-,1TB
2838,400,-,2TB
2839,401,-,-
2840,402,-,-
2841,403,-,-
2842,404,-,-
2843,405,-,-
2844,406,-,-
2845,407,-,-
2846,408,-,512GB
2847,408,-,1TB
2848,409,-,0
2849,410,-,0
2850,411,-,0
2851,412,-,0
2852,413,-,0
2853,414,-,0
2854,415,-,0
2855,416,-,0
2856,417,-,0
2857,418,-,0
2858,419,-,0
2859,420,-,0
2860,421,-,0
2861,422,-,0
2862,423,-,0
2863,424,-,0
2864,425,-,0
2865,426,-,512GB
2866,426,-,1TB
2867,427,-,256GB
2868,427,-,512GB
2869,427,-,1TB
2870,426,-,256GB
2871,428,-,-
2872,429,-,-
2873,430,-,-
2874,431,-,-
2875,432,-,-
2876,433,-,-
2877,434,Other,30GB
2878,434,Other,60GB
2879,434,Other,80GB
2880,435,Other,80GB
2881,435,Other,160GB
2882,436,Other,128GB
2883,436,Other,80GB
2884,436,Other,160GB
2885,436,Other,120GB
2886,437,Other,1GB
2887,437,Other,2GB
2888,437,Other,4GB
2889,438,Other,8G
2890,438,Other,16GB
2891,439,Other,8G
2892,439,Other,16GB
2893,440,Other,16GB
2894,441,Other,8GB
2895,441,Other,16GB
2896,441,Other,32GB
2897,441,Other,64GB
2898,442,Other,16GB
2899,442,Other,32GB
2900,442,Other,64GB
2901,443,Other,16GB
2902,443,Other,32GB
2903,443,Other,64GB
2904,443,Other,128GB
2905,444,Other,32GB
2906,444,Other,128GB
2907,444,Other,256GB
2908,445,Core M 1.1GHz,8GB
2909,445,Core M 1.2GHz,8GB
2910,445,Core M 1.3GHz,8GB
2911,445,Core M 1.1GHz,16GB
2912,445,Core M 1.2GHz,16GB
2913,445,Core M 1.3GHz,16GB
2914,446,m3 1.1GHz,8GB
2915,446,m5 1.2GHz,8GB
2916,446,m7 1.3GHz,8GB
2917,447,i5 1.3GHz,16GB
2918,447,i7 1.4GHz,16GB
2919,447,m3 1.2GHz,16GB
2920,447,i5 1.3GHz,8GB
2921,447,i7 1.4GHz,8GB
2922,447,m3 1.2GHz,8GB
2923,448,Core 2 Duo 1.86GHz,2GB
2924,448,Core 2 Duo 2.13GHz,2GB
2925,449,Core 2 Duo 1.4GHz,2GB
2926,449,Core 2 Duo 1.6GHz,2GB
2927,449,Core 2 Duo 1.4GHz,4GB
2928,449,Core 2 Duo 1.6GHz,4GB
2929,450,Core 2 Duo 1.86GHz,2GB
2930,450,Core 2 Duo 2.13GHz,2GB
2931,450,Core 2 Duo 1.86GHz,4GB
2932,450,Core 2 Duo 2.13GHz,4GB
2933,451,i5 1.6GHz,2GB
2934,451,i7 1.8GHz,2GB
2935,451,i5 1.6GHz,4GB
2936,451,i7 1.8GHz,4GB
2937,452,i7 1.8GHz,4GB
2938,452,i5 1.7GHz,4GB
2939,453,i5 1.7GHz,8GB
2940,453,i7 2.0GHz,8GB
2941,453,i5 1.7GHz,4GB
2942,453,i7 2.0GHz,4GB
2943,454,i7 2.0GHz,8GB
2944,454,i5 1.8GHz,8GB
2945,454,i5 1.7GHz,4GB
2946,454,i7 2.0GHz,4GB
2947,454,i5 1.8GHz,4GB
2948,455,i5 1.3GHz,8GB
2949,455,i7 1.7GHz,8GB
2950,455,i5 1.3GHz,4GB
2951,455,i7 1.7GHz,4GB
2952,456,i5 1.4GHz,8GB
2953,456,i5 1.3GHz,8GB
2954,456,i7 1.7GHz,8GB
2955,456,i5 1.4GHz,4GB
2956,456,i5 1.3GHz,4GB
2957,456,i7 1.7GHz,4GB
2958,457,i5 1.4GHz,8GB
2959,457,i7 1.7GHz,8GB
2960,457,i5 1.4GHz,4GB
2961,457,i7 1.7GHz,4GB
2962,458,i5 1.4GHz,8GB
2963,458,i7 1.7GHz,8GB
2964,458,i5 1.4GHz,4GB
2965,458,i7 1.7GHz,4GB
2966,459,i5 1.6GHz,8GB
2967,459,i7 2.2GHz,8GB
2968,459,i5 1.6GHz,4GB
2969,459,i7 2.2GHz,4GB
2970,460,i5 1.6GHz,8GB
2971,460,i7 2.2GHz,8GB
2972,460,i5 1.6GHz,4GB
2973,460,i7 2.2GHz,4GB
2974,460,i7 1.3GHz,4GB
2975,461,i7 2.2GHz,8GB
2976,461,i5 1.8GHz,8GB
2977,461,i7 2.2GHz,4GB
2978,461,i5 1.8GHz,4GB
2979,462,i5 1.6GHz,16GB
2980,462,i5 1.6GHz,8GB
2981,463,i5 1.6GHz,16GB
2982,463,i5 1.6GHz,8GB
2983,464,i5 1.6GHz,16GB
2984,464,M1 3.2GHz 7-Core GPU,16GB
2985,464,M1 3.2GHz 8-Core GPU,16GB
2986,464,i3 1.1GHz,16GB
2987,464,i5 1.1GHz,16GB
2988,464,i7 1.2GHz,16GB
2989,464,i5 1.6GHz,8GB
2990,464,M1 3.2GHz 7-Core GPU,8GB
2991,464,M1 3.2GHz 8-Core GPU,8GB
2992,464,i3 1.1GHz,8GB
2993,464,i5 1.1GHz,8GB
2994,464,i7 1.2GHz,8GB
2995,465,M2 8-Core CPU 10-Core GPU,16GB
2996,465,M2 8-Core CPU 8-Core GPU,16GB
2997,465,M2 8-Core CPU 10-Core GPU,8GB
2998,465,M2 8-Core CPU 8-Core GPU,8GB
2999,465,M2 8-Core CPU 10-Core GPU,24GB
3000,465,M2 8-Core CPU 8-Core GPU,24GB
3001,466,M2 8-Core CPU 10-Core GPU,8GB
3002,466,M2 8-Core CPU 10-Core GPU,16GB
3003,466,M2 8-Core CPU 10-Core GPU,24GB
3004,467,M3 8-Core CPU 10-Core GPU,8GB
3005,467,M3 8-Core CPU 8-Core GPU,8GB
3006,467,M3 8-Core CPU 10-Core GPU,16GB
3007,467,M3 8-Core CPU 8-Core GPU,16GB
3008,467,M3 8-Core CPU 10-Core GPU,24GB
3009,467,M3 8-Core CPU 8-Core GPU,24GB
3010,468,M3 8-Core CPU 10-Core GPU,8GB
3011,468,M3 8-Core CPU 8-Core GPU,8GB
3012,468,M3 8-Core CPU 10-Core GPU,16GB
3013,468,M3 8-Core CPU 8-Core GPU,16GB
3014,468,M3 8-Core CPU 10-Core GPU,24GB
3015,468,M3 8-Core CPU 8-Core GPU,24GB
3016,469,Core 2 Duo 2.66GHz,8GB
3017,469,Core 2 Duo 2.53GHz,8GB
3018,469,Core 2 Duo 2.8GHz,8GB
3019,469,Core 2 Duo 2.66GHz,4GB
3020,469,Core 2 Duo 2.53GHz,4GB
3021,469,Core 2 Duo 2.8GHz,4GB
3022,470,Core 2 Duo 2.8GHz,4GB
3023,471,i5 2.4GHz,8GB
3024,471,i5 2.53GHz,8GB
3025,471,i7 2.66GHz,8GB
3026,471,i5 2.4GHz,4GB
3027,471,i5 2.53GHz,4GB
3028,471,i7 2.66GHz,4GB
3029,472,i5 2.53GHz,8GB
3030,472,i7 2.66GHz,8GB
3031,472,i5 2.53GHz,4GB
3032,472,i7 2.66GHz,4GB
3033,473,i5 2.3GHz,16GB
3034,473,i7 2.7GHz,16GB
3035,473,i5 2.4GHz,16GB
3036,473,i7 2.8GHz,16GB
3037,473,i5 2.3GHz,8GB
3038,473,i7 2.7GHz,8GB
3039,473,i5 2.4GHz,8GB
3040,473,i7 2.8GHz,8GB
3041,473,i5 2.3GHz,2GB
3042,473,i7 2.7GHz,2GB
3043,473,i5 2.4GHz,2GB
3044,473,i7 2.8GHz,2GB
3045,473,i5 2.3GHz,4GB
3046,473,i7 2.7GHz,4GB
3047,473,i5 2.4GHz,4GB
3048,473,i7 2.8GHz,4GB
3049,474,i7 2.3GHz,16GB
3050,474,i7 2.0GHz,16GB
3051,474,i7 2.2GHz,16GB
3052,474,i7 2.4GHz,16GB
3053,474,i7 2.5GHz,16GB
3054,474,i7 2.3GHz,8GB
3055,474,i7 2.0GHz,8GB
3056,474,i7 2.2GHz,8GB
3057,474,i7 2.4GHz,8GB
3058,474,i7 2.5GHz,8GB
3059,474,i7 2.3GHz,2GB
3060,474,i7 2.0GHz,2GB
3061,474,i7 2.2GHz,2GB
3062,474,i7 2.4GHz,2GB
3063,474,i7 2.5GHz,2GB
3064,474,i7 2.3GHz,4GB
3065,474,i7 2.0GHz,4GB
3066,474,i7 2.2GHz,4GB
3067,474,i7 2.4GHz,4GB
3068,474,i7 2.5GHz,4GB
3069,475,i7 2.3GHz,8GB
3070,475,i7 2.2GHz,8GB
3071,475,i7 2.4GHz,8GB
3072,475,i7 2.5GHz,8GB
3073,475,i7 2.3GHz,4GB
3074,475,i7 2.2GHz,4GB
3075,475,i7 2.4GHz,4GB
3076,475,i7 2.5GHz,4GB
3077,476,i5 2.5GHz,8GB
3078,476,i7 2.9GHz,8GB
3079,476,i5 2.5GHz,2GB
3080,476,i7 2.9GHz,2GB
3081,476,i5 2.5GHz,4GB
3082,476,i7 2.9GHz,4GB
3083,476,i5 2.5GHz,12GB
3084,476,i5 2.5GHz,10GB
3085,477,i7 2.7GHz,16GB
3086,477,i7 2.3GHz,16GB
3087,477,i7 2.6GHz,16GB
3088,477,i7 2.7GHz,8GB
3089,477,i7 2.3GHz,8GB
3090,477,i7 2.6GHz,8GB
3091,477,i7 2.3GHz,2GB
3092,477,i7 2.6GHz,2GB
3093,477,i7 2.7GHz,4GB
3094,477,i7 2.3GHz,4GB
3095,477,i7 2.6GHz,4GB
3096,478,i5 2.6GHz,16GB
3097,478,i7 3.0GHz,16GB
3098,478,i5 2.4GHz,16GB
3099,478,i7 2.8GHz,16GB
3100,478,i5 2.9GHz,8GB
3101,478,i5 2.5GHz,8GB
3102,478,i5 2.6GHz,8GB
3103,478,i7 3.0GHz,8GB
3104,478,i5 2.4GHz,8GB
3105,478,i7 2.8GHz,8GB
3106,478,i7 2.9GHz,8GB
3107,478,i5 2.6GHz,4GB
3108,478,i7 3.0GHz,4GB
3109,478,i5 2.4GHz,4GB
3110,478,i7 2.8GHz,4GB
3111,479,i7 2.7GHz,16GB
3112,479,i7 2.3GHz,16GB
3113,479,i7 2.6GHz,16GB
3114,479,i7 2.0GHz,16GB
3115,479,i7 2.8GHz,16GB
3116,479,i7 2.4GHz,16GB
3117,479,i7 2.7GHz,8GB
3118,479,i7 2.3GHz,8GB
3119,479,i7 2.6GHz,8GB
3120,479,i7 2.0GHz,8GB
3121,479,i7 2.8GHz,8GB
3122,479,i7 2.4GHz,8GB
3123,480,i5 2.8GHz,16GB
3124,480,i5 2.6GHz,16GB
3125,480,i7 3.0GHz,16GB
3126,480,i5 2.8GHz,8GB
3127,480,i5 2.6GHz,8GB
3128,480,i7 3.0GHz,8GB
3129,480,i5 2.8GHz,4GB
3130,480,i5 2.6GHz,4GB
3131,480,i7 3.0GHz,4GB
3132,481,i7 2.2GHz,16GB
3133,481,i7 2.8GHz,16GB
3134,481,i7 2.5GHz,16GB
3135,481,i7 2.2GHz,8GB
3136,481,i7 2.8GHz,8GB
3137,481,i7 2.5GHz,8GB
3138,481,i7 2.2GHz,4GB
3139,481,i7 2.8GHz,4GB
3140,481,i7 2.5GHz,4GB
3141,482,i5 2.7GHz,16GB
3142,482,i5 2.9GHz,16GB
3143,482,i7 3.1GHz,16GB
3144,482,i5 2.7GHz,8GB
3145,482,i5 2.9GHz,8GB
3146,482,i7 3.1GHz,8GB
3147,482,i5 2.7GHz,4GB
3148,482,i5 2.9GHz,4GB
3149,482,i7 3.1GHz,4GB
3150,483,i7 2.2GHz,16GB
3151,483,i7 2.8GHz,16GB
3152,483,i7 2.5GHz,16GB
3153,483,i7 2.2GHz,8GB
3154,483,i7 2.8GHz,8GB
3155,483,i7 2.5GHz,8GB
3156,484,i5 2.9GHz,16GB
3157,484,i5 3.1GHz,16GB
3158,484,i7 3.3GHz,16GB
3159,484,i5 3.3GHz,16GB
3160,484,i7 2.9GHz,16GB
3161,484,i5 2.0GHz,16GB
3162,484,i7 2.4GHz,16GB
3163,484,i5 2.9GHz,8GB
3164,484,i5 3.1GHz,8GB
3165,484,i7 3.3GHz,8GB
3166,484,i5 3.3GHz,8GB
3167,484,i7 2.9GHz,8GB
3168,484,i5 2.0GHz,8GB
3169,484,i7 2.4GHz,8GB
3170,484,i5 2.9GHz,4GB
3171,484,i5 3.1GHz,4GB
3172,484,i7 3.3GHz,4GB
3173,484,i5 2.0GHz,4GB
3174,484,i7 2.4GHz,4GB
3175,485,i7 2.7GHz,16GB
3176,485,i7 2.6GHz,16GB
3177,485,i7 2.9GHz,16GB
3178,486,i5 2.9GHz,16GB
3179,486,i5 3.1GHz,16GB
3180,486,i7 3.3GHz,16GB
3181,486,i5 2.3GHz,16GB
3182,486,i7 3.5GHz,16GB
3183,486,i5 3.3GHz,16GB
3184,486,i7 2.5GHz,16GB
3185,486,i5 2.9GHz,8GB
3186,486,i5 3.1GHz,8GB
3187,486,i7 3.3GHz,8GB
3188,486,i5 2.3GHz,8GB
3189,486,i7 3.5GHz,8GB
3190,486,i5 3.3GHz,8GB
3191,486,i7 2.5GHz,8GB
3192,487,i7 3.1GHz,16GB
3193,487,i7 2.8GHz,16GB
3194,487,i7 2.9GHz,16GB
3195,488,i5 2.9GHz,16GB
3196,488,i5 2.3GHz,16GB
3197,488,i7 2.7GHz,16GB
3198,488,i5 2.9GHz,8GB
3199,488,i5 2.3GHz,8GB
3200,488,i7 2.7GHz,8GB
3201,489,i7 2.6GHz,32GB
3202,489,i7 2.2GHz,32GB
3203,489,i9 2.9GHz,32GB
3204,489,i7 2.6GHz,16GB
3205,489,i7 2.2GHz,16GB
3206,489,i9 2.9GHz,16GB
3207,490,i5 1.4GHz,16GB
3208,490,i5 2.8GHz,16GB
3209,490,i7 1.7GHz,16GB
3210,490,i5 2.4GHz,16GB
3211,490,i7 2.8GHz,16GB
3212,490,i5 1.4GHz,8GB
3213,490,i5 2.8GHz,8GB
3214,490,i7 1.7GHz,8GB
3215,490,i5 2.4GHz,8GB
3216,490,i7 2.8GHz,8GB
3217,491,i7 2.6GHz,32GB
3218,491,i9 2.3GHz,32GB
3219,491,i9 2.4GHz,32GB
3220,491,i7 2.6GHz,16GB
3221,491,i9 2.3GHz,16GB
3222,491,i9 2.4GHz,16GB
3223,492,i7 2.6GHz,32GB
3224,492,i9 2.3GHz,32GB
3225,492,i9 2.4GHz,32GB
3226,492,i7 2.6GHz,64GB
3227,492,i9 2.3GHz,64GB
3228,492,i9 2.4GHz,64GB
3229,492,i7 2.6GHz,16GB
3230,492,i9 2.3GHz,16GB
3231,492,i9 2.4GHz,16GB
3232,493,i5 1.4GHz,32GB
3233,493,M1 3.2GHz 8-Core GPU,32GB
3234,493,i7 2.3GHz,32GB
3235,493,i7 1.7GHz,32GB
3236,493,i5 2.0GHz,32GB
3237,493,i5 1.4GHz,16GB
3238,493,M1 3.2GHz 8-Core GPU,16GB
3239,493,i7 2.3GHz,16GB
3240,493,i7 1.7GHz,16GB
3241,493,i5 2.0GHz,16GB
3242,493,i5 1.4GHz,8GB
3243,493,M1 3.2GHz 8-Core GPU,8GB
3244,493,i7 2.3GHz,8GB
3245,493,i7 1.7GHz,8GB
3246,493,i5 2.0GHz,8GB
3247,494,M1 Max 10-Core CPU 24-Core GPU,32GB
3248,494,M1 Max 10-Core CPU 32-Core GPU,32GB
3249,494,M1 Pro 10-Core CPU 14-Core GPU,32GB
3250,494,M1 Pro 10-Core CPU 16-Core GPU,32GB
3251,494,M1 Pro 8-Core CPU 14-Core GPU,32GB
3252,494,M1 Max 10-Core CPU 24-Core GPU,64GB
3253,494,M1 Max 10-Core CPU 32-Core GPU,64GB
3254,494,M1 Max 10-Core CPU 24-Core GPU,16GB
3255,494,M1 Pro 10-Core CPU 14-Core GPU,16GB
3256,494,M1 Pro 10-Core CPU 16-Core GPU,16GB
3257,494,M1 Pro 8-Core CPU 14-Core GPU,16GB
3258,495,M1 Max 10-Core CPU 24-Core GPU,32GB
3259,495,M1 Max 10-Core CPU 32-Core GPU,32GB
3260,495,M1 Pro 10-Core CPU 16-Core GPU,32GB
3261,495,M1 Max 10-Core CPU 24-Core GPU,64GB
3262,495,M1 Max 10-Core CPU 32-Core GPU,64GB
3263,495,M1 Pro 10-Core CPU 16-Core GPU,16GB
3264,496,M2 8-Core CPU 10-Core GPU,8GB
3265,496,M2 8-Core CPU 8-Core GPU,8GB
3266,496,M2 8-Core CPU 10-Core GPU,16GB
3267,496,M2 8-Core CPU 8-Core GPU,16GB
3268,496,M2 8-Core CPU 10-Core GPU,24GB
3269,496,M2 8-Core CPU 8-Core GPU,24GB
3270,497,M2 Pro 10-Core CPU 16-Core GPU,32GB
3271,497,M2 Pro 12-Core CPU 19-Core GPU,32GB
3272,497,M2 Max 12-Core CPU 30-Core GPU,32GB
3273,497,M2 Max 12-Core CPU 38-Core GPU,32GB
3274,497,M2 Max 12-Core CPU 30-Core GPU,64GB
3275,497,M2 Max 12-Core CPU 38-Core GPU,64GB
3276,497,M3 Max 16-Core CPU 40-Core GPU,64GB
3277,497,M2 Pro 10-Core CPU 16-Core GPU,16GB
3278,497,M2 Pro 12-Core CPU 19-Core GPU,16GB
3279,497,M3 8-Core CPU 10-Core GPU,16GB
3280,497,M3 Max 16-Core CPU 40-Core GPU,128GB
3281,497,M3 8-Core CPU 10-Core GPU,8GB
3282,497,M3 8-Core CPU 10-Core GPU,24GB
3283,497,M2 Max 12-Core CPU 30-Core GPU,96GB
3284,497,M2 Max 12-Core CPU 38-Core GPU,96GB
3285,497,M3 Max 14-Core CPU 30-Core GPU,96GB
3286,497,M3 Max 16-Core CPU 40-Core GPU,48GB
3287,497,M3 Pro 11-Core CPU 14-Core GPU,18GB
3288,497,M3 Pro 12-Core CPU 18-Core GPU,18GB
3289,497,M3 Pro 11-Core CPU 14-Core GPU,36GB
3290,497,M3 Pro 12-Core CPU 18-Core GPU,36GB
3291,497,M3 Max 14-Core CPU 30-Core GPU,36GB
3292,498,M2 Max 12-Core CPU 30-Core GPU,32GB
3293,498,M2 Max 12-Core CPU 38-Core GPU,32GB
3294,498,M2 Pro 10-Core CPU 19-Core GPU,32GB
3295,498,M2 Max 12-Core CPU 30-Core GPU,64GB
3296,498,M2 Max 12-Core CPU 38-Core GPU,64GB
3297,498,M3 Max 16-Core CPU 40-Core GPU,64GB
3298,498,M2 Pro 10-Core CPU 19-Core GPU,16GB
3299,498,M3 Max 16-Core CPU 40-Core GPU,128GB
3300,498,M2 Max 12-Core CPU 30-Core GPU,96GB
3301,498,M2 Max 12-Core CPU 38-Core GPU,96GB
3302,498,M3 Max 14-Core CPU 30-Core GPU,96GB
3303,498,M3 Max 16-Core CPU 40-Core GPU,48GB
3304,498,M3 Pro 12-Core CPU 18-Core GPU,18GB
3305,498,M3 Pro 12-Core CPU 18-Core GPU,36GB
3306,498,M3 Max 14-Core CPU 30-Core GPU,36GB
3307,499,-,4GB
3308,499,-,8GB
3309,500,-,8GB
3310,500,-,16GB
3311,501,-,8GB
3312,501,-,16GB
3313,502,-,8GB
3314,502,-,16GB
3315,503,-,8GB
3316,504,-,16GB
3317,505,-,8GB
3318,505,-,16GB
3319,506,-,8GB
3320,506,-,16GB
3321,506,-,32GB
3322,507,-,16GB
3323,507,-,256GB
3324,508,-,32GB
3325,508,-,1TB
3326,508,-,2TB
3327,509,-,16GB
3328,509,-,256GB
3329,510,-,32GB
3330,510,-,512GB
3331,510,-,1TB
3332,510,-,2TB
3333,511,-,64GB
3334,511,-,4GB
3335,512,-,128GB
3336,512,-,8GB
3337,513,-,64GB
3338,513,-,16GB
3339,513,-,128GB
3340,513,-,256GB
3341,513,-,8GB
3342,513,-,4GB
3343,514,-,-
3344,514,-,128GB
3345,514,-,256GB
3346,514,-,128GB SSD
3347,514,-,256GB SSD
3348,515,-,-
3349,515,-,128GB
3350,515,-,256GB
3351,515,-,128GB SSD
3352,515,-,256GB SSD
3353,516,-,16GB
3354,516,-,128GB
3355,516,-,256GB
3356,516,-,8GB
3357,517,-,16GB
3358,517,-,256GB
3359,517,-,512GB
3360,517,-,1TB
3361,517,-,8GB
3362,518,-,256GB
3363,518,-,8GB
3364,519,-,32GB
3365,519,-,16GB
3366,519,-,512GB
3367,519,-,1TB
3368,520,-,32GB
3369,520,-,16GB
3370,520,-,256GB
3371,520,-,512GB
3372,520,-,1TB
3373,520,-,2TB
3374,521,-,8GB
3375,521,-,16GB
3376,522,-,8GB
3377,522,-,16GB
3378,523,-,8GB
3379,523,-,16GB
3380,524,-,4GB
3381,524,-,8GB
3382,524,-,16GB
3383,525,-,16GB
3384,525,-,256GB
3385,525,-,512GB
3386,526,-,512GB
3387,526,-,1TB
3388,526,-,2TB
3389,527,i5 3.4GHz,40GB
3390,527,i5 2.3GHz,24GB
3391,527,i5 3.0GHz,24GB
3392,527,i5 3.4GHz,24GB
3393,527,i7 3.6GHz,24GB
3394,528,-,-
3395,529,-,-
3396,529,i5 3.5GHz,40GB
3397,530,i5 3.2GHz,64GB
3398,530,i5 3.2GHz,16GB
3399,530,i5 3.2GHz,128GB
3400,531,i7 4.0GHz,32GB
3401,531,i7 4.0GHz,64GB
3402,531,i7 4.0GHz,128GB
3403,531,i7 4.0GHz,8GB
3404,531,i7 4.0GHz,40GB
3405,531,i5 3.8GHz,40GB
3406,531,i7 4.2GHz,40GB
3407,531,i7 4.0GHz,24GB
3408,532,M3 8-Core CPU 10-Core GPU,16GB
3409,532,M3 8-Core CPU 8-Core GPU,16GB
3410,532,M3 10-Core CPU 16-Core GPU,16GB
3411,532,M3 8-Core CPU 10-Core GPU,8GB
3412,532,M3 8-Core CPU 8-Core GPU,8GB
3413,532,M3 10-Core CPU 16-Core GPU,8GB
3414,532,M3 8-Core CPU 10-Core GPU,24GB
3415,532,M3 8-Core CPU 8-Core GPU,24GB
3416,532,M3 10-Core CPU 16-Core GPU,24GB
3417,533,-,-
3418,534,-,1GB
3419,534,-,2GB
3420,535,M2 8-Core CPU 10-Core GPU,32GB
3421,535,M2 10-Core CPU 16-Core GPU,32GB
3422,535,M2 12-Core CPU 19-Core GPU,32GB
3423,535,M2 Pro 10-Core CPU 16-Core GPU,32GB
3424,535,M2 Pro 12-Core CPU 19-Core GPU,32GB
3425,535,M2 8-Core CPU 10-Core GPU,16GB
3426,535,M2 10-Core CPU 16-Core GPU,16GB
3427,535,M2 12-Core CPU 19-Core GPU,16GB
3428,535,M2 Pro 10-Core CPU 16-Core GPU,16GB
3429,535,M2 Pro 12-Core CPU 19-Core GPU,16GB
3430,535,M2 8-Core CPU 10-Core GPU,8GB
3431,535,M2 8-Core CPU 10-Core GPU,24GB
3432,535,M2 10-Core CPU 16-Core GPU,24GB
3433,535,M2 12-Core CPU 19-Core GPU,24GB
3434,535,M2 Pro 10-Core CPU 16-Core GPU,24GB
3435,536,M1 Max 10-Core CPU 32-Core GPU,32GB
3436,536,M1 Max 10-Core CPU 32-Core GPU,64GB
3437,536,M1 Ultra 20-Core CPU 32-Core CPU,64GB
3438,536,M1 Ultra 20-Core CPU 64-Core CPU,64GB
3439,536,M1 Ultra 20-Core CPU 32-Core CPU,128GB
3440,536,M1 Ultra 20-Core CPU 64-Core CPU,128GB
3441,537,M2 Max 12-Core CPU 30-Core GPU,32GB
3442,537,M2 Max 12-Core CPU 38-Core GPU,32GB
3443,537,M2 Max 12-Core CPU 30-Core GPU,64GB
3444,537,M2 Max 12-Core CPU 38-Core GPU,64GB
3445,537,M2 Ultra 24-Core CPU 60-Core GPU,64GB
3446,537,M2 Ultra 24-Core CPU 76-Core GPU,64GB
3447,537,M2 Ultra 24-Core CPU 60-Core GPU,128GB
3448,537,M2 Ultra 24-Core CPU 76-Core GPU,128GB
3449,537,M2 Max 12-Core CPU 30-Core GPU,96GB
3450,537,M2 Max 12-Core CPU 38-Core GPU,96GB
3451,537,M2 Ultra 24-Core CPU 60-Core GPU,192GB
3452,537,M2 Ultra 24-Core CPU 76-Core GPU,192GB
3453,538,-,-
3454,539,-,-
3455,540,-,-
3456,541,-,32GB
3457,541,-,16GB
3458,541,-,8GB
3459,541,-,12GB
3460,541,-,6GB
3461,541,-,10GB
3462,542,-,32GB
3463,542,-,64GB
3464,542,-,16GB
3465,542,-,8GB
3466,542,-,12GB
3467,542,-,24GB
3468,542,-,10GB
3469,543,12-Core Xeon,96GB
3470,544,-,0
3471,545,-,32GB
3472,545,-,64GB
3473,546,-,32GB
3474,546,-,64GB
3475,547,-,-
3476,548,-,-
3477,549,-,-
3478,550,-,-
3479,551,-,-
3480,552,-,-
3481,553,-,-
3482,554,-,-
3483,555,-,-
3484,556,-,-
3485,557,-,-
3486,558,-,-
3487,559,-,-
3488,560,-,-
3489,561,-,-
3490,562,-,-
3491,563,-,-
3492,564,-,-
3493,565,-,-
