path,title,meta_description,h1
/blog/2018/010/1/how-and-why-you-should-recycle-your-cell-phone,How and Why You Should Recycle Your Cell Phone,,How and Why You Should Recycle Your Cell Phone
/blog/2018/010/12/places-that-buy-broken-cell-phones,Places That Buy Broken Cell Phones,,Places That Buy Broken Cell Phones
/blog/2018/010/19/apple-s-latest-ios-12-features-and-improvements,Apple’s Latest iOS 12 Features and Improvements,"In 2017, forecasters predict that around 223 million people in the U.S. will be using a smartphone which is about 83.8% of all mobile users. Out of these 223 million users over 90 million will own an iPhone making Apple’s iOS the leading operating system in America next to Android. The newest",Apple’s Latest iOS 12 Features and Improvements
/blog/2018/010/27/how-to-check-if-your-phone-has-clean-esn-or-imei,How to Check if Your Phone Has Clean ESN or IMEI,,How to Check if Your Phone Has Clean ESN or IMEI
/blog/2018/011/30/samsung-galaxy-s10-release-and-what-to-expect,Samsung Galaxy S10 Release Date and What to Expect,,Samsung Galaxy S10 Release Date and What to Expect
/blog/2018/012/16/the-damage-of-e-waste-and-how-we-can-help,The Damage of E-Waste and How We Can Help,,The Damage of E-Waste and How We Can Help
/blog/2018/012/9/10-budget-friendly-tech-gift-ideas-for-iphone-lovers,10 Budget Friendly Tech Gift Ideas for iPhone Lovers,,10 Budget Friendly Tech Gift Ideas for iPhone Lovers
/blog/2018/09/10/turn-your-old-mobile-into-cash,Turn Your Old Mobile Phone Into Cash,,Turn Your Old Mobile Phone Into Cash
/blog/2018/09/21/iphone-keynote-2018-the-highlights,iPhone Keynote 2018 - the Highlights,"Thousands of excited tech-fans flocked to Cupertino, California on Wednesday September 12th in order to get a sneak peek at the newest products which will soon be available. The event took place in the Steve Jobs Theater at Apple HQ and the announcements were widely met with enthusiasm. Fans were",iPhone Keynote 2018 - the Highlights
/blog/2019/01/17/5-steps-to-get-most-money-selling-an-old-or-broken-ipad,5 Steps to Get the Most Money Selling an Old or Broken iPad,,5 Steps to Get the Most Money Selling an Old or Broken iPad
/blog/2019/01/21/where-can-i-sell-my-iphone-ecoatm-vs-ocbuyback,Where Can I Sell My iPhone: EcoATM vs OCBuyBack,,Where Can I Sell My iPhone: EcoATM vs OCBuyBack
/blog/2019/01/3/the-best-way-to-sell-your-iphone-online,The Best Way To Sell Your iPhone Online,,The Best Way To Sell Your iPhone Online
/blog/2019/02/1/is-your-old-ipod-worth-anything-where-can-you-sell-your-ipod-for-a-good-price,Is Your Used iPod Worth Anything? Where Can You Sell Your iPod for a Good Price?,,Is Your Used iPod Worth Anything? Where Can You Sell Your iPod for a Good Price?
/blog/2019/02/22/galaxy-s10-phone-lineup-release-date-price-and-specs,"Galaxy S10 Phone Lineup: Release Date, Price, and Specs",,"Galaxy S10 Phone Lineup: Release Date, Price, and Specs"
/blog/2019/02/6/2019-new-iphone-rumors-and-what-to-expect,2019 New iPhone Rumors and What to Expect,,2019 New iPhone Rumors and What to Expect
/blog/2019/03/12/how-to-unlock-your-iphone-for-use-with-a-different-carrier,How To Unlock Your iPhone For Use With A Different Carrier,,How To Unlock Your iPhone For Use With A Different Carrier
/blog/2019/03/13/top-health-fitness-apps-for-iphone-2019,iPhone's Top Health & Fitness Apps - 2019,,iPhone's Top Health & Fitness Apps - 2019
/blog/2019/03/22/what-to-do-if-your-iphone-was-lost-or-stolen,What To Do If Your iPhone Was Lost Or Stolen,"What To Do If Your iPhone Was Lost Or StoleniPhone's are lost or stolen everyday all over the world. iPhones have become a favorite target for thieves due to their high resale value. To combat this global issue, Apple implemented Find my iPhone and Activation lock. With find my iPhone you are able",What To Do If Your iPhone Was Lost Or Stolen
/blog/2019/04/18/how-to-back-up-your-iphone-using-icloud-or-itunes,How to Back Up Your iPhone Using iCloud or iTunes,,How to Back Up Your iPhone Using iCloud or iTunes
/blog/2019/04/9/how-to-remove-your-icloud-account-from-iphone-or-ipad,How to Remove Your iCloud Account From iPhone or iPad,"Ready to sell your Apple device but do not know how to remove your iCloud account from your iPhone or iPad? In this blog, we will be going through the steps on how to remove your iCloud account either by directly using your device or using a computer/laptop. Before all else, please make sure you",How to Remove Your iCloud Account From iPhone or iPad
/blog/2019/05/15/5-best-places-to-sell-your-iphone-for-the-most-money,5 Best Places To Sell Your iPhone For The Most Money,,5 Best Places To Sell Your iPhone For The Most Money
/blog/2019/06/11/top-3-places-where-you-can-sell-your-iphone-locally-in-orange-county-ca,Top 3 Places Where You Can Sell Your iPhone Locally In Orange County California,,Top 3 Places Where You Can Sell Your iPhone Locally In Orange County California
/blog/2019/07/7/sell-your-iphone-fast-safe-and-easy-ocbuyback-com,"Sell Your iPhone Fast, Safe, and Easy - OCBuyBack.com",,"Sell Your iPhone Fast, Safe, and Easy - OCBuyBack.com"
/blog/2019/08/16/why-your-mobile-carrier-is-ripping-you-off-with-their-trade-in-program,Why Your Mobile Carrier Is Ripping You off with Their Trade-In Program,"Why Your Mobile Carrier Is Ripping You off with Their Trade-In ProgramCell phone trade-in programs are a huge business for your carrier whether you have AT&T, Verizon, T-Mobile or Sprint. These programs seem to offer you a substantial discount on your next cell phone purchase when you trade in your",Why Your Mobile Carrier Is Ripping You off with Their Trade-In Program
/blog/2019/08/19/what-is-ocbuyback-and-how-does-it-work,What is OCBuyBack and How Does It Work?,,What is OCBuyBack and How Does It Work?
/blog/2019/08/21/5-things-to-consider-before-buying-a-used-phone,5 Things to Consider Before Buying a Used Phone,"The growing competition between Apple, Samsung and others in equipping the latest phone model with up to date technology has given rise to a supply of used phones all around the world. With the latest iPhone and Samsung’s price tag of over $1,000 buying a 2-3-year-old phone is the smartest way to",5 Things to Consider Before Buying a Used Phone
/blog/2019/08/9/craigslist-vs-ocbuyback,Craigslist vs OCBuyBack,,Craigslist vs OCBuyBack
/blog/2020/01/25/how-to-sell-your-old-iphone-for-the-most-cash,How to Sell Your Old iPhone for the Most Cash,,How to Sell Your Old iPhone for the Most Cash
/blog/2020/02/12/amazon-trade-in-program-vs-ocbuyback,Amazon Trade-In Program vs OCBuyBack,,Amazon Trade-In Program vs OCBuyBack
/blog/2020/02/24/top-5-places-to-sell-your-used-ipad-for-the-most-cash,Top 5 Places to Sell Your Used iPad for the Most Cash,,Top 5 Places to Sell Your Used iPad for the Most Cash
/blog/2020/03/17/top-picks-best-places-to-sell-your-used-phone-online,Top Picks: Best Places To Sell Your Used Phone Online,,Top Picks: Best Places To Sell Your Used Phone Online
/blog/2020/03/28/covid-19-tips-how-to-properly-clean-disinfect-your-cell-phone,Covid-19 Tips: How to Properly Clean & Disinfect Your Cell Phone,,Covid-19 Tips: How to Properly Clean & Disinfect Your Cell Phone
/blog/2020/04/28/how-to-sell-your-gopro-online,How To Sell Your GoPro Online,"Now is a good time as ever to get a bit of extra cash on your unused electronics. With many people working reduced hours or none at all, it can alleviate some stress knowing you can sell the devices you no longer use for some pocket cash. Cellphones are not the only device buyback companies are",How To Sell Your GoPro Online
/blog/2020/04/8/how-to-permanently-delete-your-phone-info-before-selling-it,How to Permanently Delete Your Cell Phone's Info Before Selling It,"Considering selling your smartphone, but are concerned about your sensitive information being breached? In today’s tech-enriched world, cell phone users have valid concerns about sensitive data getting into the hands of the wrong people. Selling your smartphone and making a bit of extra income",How to Permanently Delete Your Cell Phone's Info Before Selling It
/blog/2021/03/18/alternatives-to-gazelle-com-for-selling-your-used-phone,Alternative to Gazelle.com for Selling Your Used Phone,,Alternative to Gazelle.com for Selling Your Used Phone
/blog/2021/04/15/apple-airtags-new-tracking-device-everything-you-need-to-know,Apple AirTags: New Tracking Device - Everything You Need to Know,"Apple does it again! On April 20, 2021 Apple announced that it will be launching its first ever AirTag, a small elegant accessory that helps you keep track of the things that matter most. You can use this on anything from keys, phone, bag, etc. It connects via Apple’s Find My App. This is what",Apple AirTags: New Tracking Device - Everything You Need to Know
/blog/2023/04/19/why-selling-your-old-iphone-is-important,Why Selling Your Old iPhone is Important,Turn your old iPhone into cash by selling it today. OCBuyBack makes it easy to sell your iPhone and pays you the best price. Get an instant quote online in seconds or bring it to our location for payout.,Why Selling Your Old iPhone is Important
/blog/2023/04/27/how-to-erase-iphone-to-sell,How to Erase iPhone to Sell,"Selling your iPhone can be an easy way to make some extra cash, but before you do, it’s important to make sure that all of your personal information is wiped from the device. Here’s how to erase an iPhone so you can sell it.",How to Erase iPhone to Sell
/blog/2023/04/30/sell-your-game-console-for-cash,Sell Your Game Console for Cash,"Are you looking to sell your game console but don't know where to start? Look no further than ocbuyback.com! Ocbuyback.com is a website that specializes in buying back used electronics, including gaming consoles. Whether you are looking to sell your PS5, Xbox Series X or Nintendo Switch,",Sell Your Game Console for Cash
/blog/2023/04/5/get-cash-for-your-ipad-with-ocbuyback,Get Cash for Your iPad with OCBuyBack,We pay cash for your Pads. Enjoy our simple process and highest price guarantee. Sell your new or used iPad today,Get Cash for Your iPad with OCBuyBack
/blog/2023/05/17/exploring-the-google-pixel-fold-phone,Exploring the Google Pixel Fold Phone,The Google Pixel Fold is officially here. It starts with a hefty price tag of $1799 and goes up to $1919 for the 512GB variation. Available for preorder now with a ship date sometime in June. Sell your old Google Pixel phone to OCBuyBack to offset the cost of the new phone.,Exploring the Google Pixel Fold Phone
/blog/2023/09/20/iphone-15-series-a-comprehensive-overview,iPhone 15 Series - A Comprehensive Overview,"In the ever-evolving world of technology, Apple continues to set the bar high with its groundbreaking innovations in the iPhone series. The iPhone 15 series, consisting of the iPhone 15, iPhone 15 Plus, iPhone 15 Pro, and iPhone 15 Pro Max, is no exception. Apple has once again pushed the boundaries",iPhone 15 Series - A Comprehensive Overview
/blog/2024/010/25/how-to-sell-your-ps5-to-ocbuyback-a-simple-guide-to-getting-the-best-value,How to Sell Your PS5 to OCBuyBack: A Simple Guide to Getting the Best Value,How to Sell Your PS5 to OCBuyBack: A Simple Guide to Getting the Best Value,How to Sell Your PS5 to OCBuyBack: A Simple Guide to Getting the Best Value
/blog/2024/08/13/how-to-sell-your-new-or-used-iphone-to-ocbuyback-com-a-hassle-free-experience,How to Sell Your New or Used iPhone to OCBuyBack.com: A Hassle-Free Experience,"Selling your new or used iPhone to OCBuyBack.com is a is Halle free experience. Simply find your device, answer a few questions, and receive an instant quote. Payments are quick and easy.",How to Sell Your New or Used iPhone to OCBuyBack.com: A Hassle-Free Experience
/blog/2024/08/19/get-top-cash-for-your-google-pixel-phones,Get Top Cash for Your Google Pixel Phones,"Title: Get Top Cash for Your Google Pixel Phones with OCBuyBack.com. We buy new and used Google Pixel phones. Enjoy free shipping or visit out location. Fast payments, highest prices!",Get Top Cash for Your Google Pixel Phones
/blog/2024/08/30/selling-your-apple-watches-for-cash,Selling Your Apple Watches for Cash,Selling Your Apple Watches for Cash to OCBuyBack: A Hassle-Free Experience,Selling Your Apple Watches for Cash
/blog/2024/09/18/how-ocbuyback-pays-top-cash-for-your-oneplus-phones,How OCBuyBack Pays Top Cash for Your OnePlus Phones,How OCBuyBack Pays Top Cash for Your OnePlus Phones,How OCBuyBack Pays Top Cash for Your OnePlus Phones
/blog/2024/09/6/everything-you-need-to-know-about-the-new-iphone-16-and-how-to-upgrade-with-ocbuyback,Everything You Need to Know About the New iPhone 16 and How to Upgrade with OCBuyBack,Everything You Need to Know About the New iPhone 16 and How to Upgrade with OCBuyBack,Everything You Need to Know About the New iPhone 16 and How to Upgrade with OCBuyBack
/blog/2025/01/2/selling-your-phone-to-ocbuyback-com-in-2025-a-smart-and-hassle-free-solution,Selling Your Phone to OCBuyBack.com in 2025: A Smart and Hassle-Free Solution,Selling Your Phone to OCBuyBack.com in 2025: A Smart and Hassle-Free Solution,Selling Your Phone to OCBuyBack.com in 2025: A Smart and Hassle-Free Solution
/blog/2025/01/7/ocbuyback-pays-cash-for-new-google-pixel-9-phones-how-to-get-the-best-deal,OCBuyBack Pays Cash for New Google Pixel 9 Phones: How to Get the Best Deal,"The Google Pixel 9 has officially arrived, and tech enthusiasts are already buzzing about the latest iteration of Google’s flagship phone. Packed with impressive specs and innovative features, the Pixel 9 is sure to be a hit among Android lovers. But what about the old phone you’re looking to",OCBuyBack Pays Cash for New Google Pixel 9 Phones: How to Get the Best Deal
/blog/2025/03/20/places-that-buy-phones-for-cash,Places that Buy Phones for Cash,"If you're looking to sell your used phone for cash, several reputable services can help you get the best value for your device. Here's a look at some top options:",Places that Buy Phones for Cash
/blog/2025/04/8/ocbuyback-now-buying-brand-new-breville-espresso-machines-for-cash,OCBuyBack Now Buying Brand New Breville Espresso Machines for Cash,"At OCBuyBack, we're always looking for new ways to help our customers turn their unused tech and gadgets into instant cash. We're excited to announce that we are now buying brand new Breville Espresso Machines! Whether you received an extra machine as a gift, purchased the wrong model, or simply",OCBuyBack Now Buying Brand New Breville Espresso Machines for Cash
/blog/2025/08/26/get-top-cash-for-your-xbox-series-x-and-playstation-5-with-ocbuyback,Sell Xbox Series X & PS5 for Top Cash | OCBuyBack,"Get top cash for your Xbox Series X and PS5 with OCBuyBack. Fast payouts, free shipping, and hassle-free selling. Sell your console online today!",Get Top Cash for Your Xbox Series X and PlayStation 5 with OCBuyBack
/blog/2025/08/28/sell-your-sony-canon-or-nikon-camera-for-cash-in-orange-county,"Sell Sony, Canon & Nikon Cameras for Cash | OCBuyBack Brea, CA","OCBuyBack buys Sony, Canon, and Nikon cameras for cash in Orange County. Call, text, or visit our Brea, CA store today for a fast quote and same-day payment!","Sell Your Sony, Canon, or Nikon Camera for Cash in Orange County"
/blog/2025/09/25/ocbuyback-is-now-buying-the-iphone-17-series-get-cash-for-your-iphone-today,"Sell iPhone 17 | OCBuyBack Buys iPhone 17 Pro, 17 Pro Max & Air","OCBuyBack is now buying iPhone 17, 17 Pro, 17 Pro Max & iPhone Air. Get an instant quote, free shipping, and fast payment at OCBuyBack.com today!",OCBuyBack Is Now Buying the iPhone 17 Series – Get Cash for Your iPhone Today
/blog/2025/09/27/ocbuyback-is-now-buying-the-apple-watch-ultra-3-sell-yours-today-for-cash,"Sell Apple Watch Ultra 3 in Brea, CA | OCBuyBack – Top Cash for Trade-Ins","OCBuyBack in Brea, CA is now buying the Apple Watch Ultra 3! Get top cash payouts, same-day payment, and a safe trade-in process. Sell your Apple Watch Ultra 3 locally or online today.",OCBuyBack is Now Buying the Apple Watch Ultra 3 – Sell Yours Today for Cash!
/blog/2025/09/8/get-top-cash-for-your-apple-watch-ultra-2-at-ocbuyback,"Sell Apple Watch Ultra 2 | Top Cash in Brea, CA – OCBuyBack","Get top cash for your Apple Watch Ultra 2 at OCBuyBack in Brea, CA. Sell in-store in Orange County or online at OCBuyBack.com. Fast, secure, and easy!",Get Top Cash for Your Apple Watch Ultra 2 at OCBuyBack
/blog/2026/01/2/we-buy-nintendo-switch-2-for-cash-in-brea-ca-same-day-cash-offers,"Sell Nintendo Switch 2 for Cash in Brea, CA | OC Buy Back","Sell your Nintendo Switch 2 for cash in Brea, CA. OC Buy Back offers fast local payouts. Serving Fullerton, La Habra, Placentia & more.","We Buy Nintendo Switch 2 for Cash in Brea, CA (Same-Day Cash Offers!)"
/blog/2026/01/26/we-pay-top-cash-for-samsung-galaxy-fold-7-fast-safe-trusted-nationwide,Sell Samsung Galaxy Fold 7 for Top Cash | OCBuyBack,"Sell your Samsung Galaxy Fold 7 for top cash with OCBuyBack. Fast payouts, trusted local & nationwide buyer. Get paid today.","We Pay Top Cash for Samsung Galaxy Fold 7 – Fast, Safe & Trusted Nationwide"
/blog/2026/02/10/why-ocbuyback-com-is-the-best-place-to-sell-your-phone-in-2026,Sell Your Phone in 2026 | Orange County & Nationwide | OCBuyBack,"Sell new or used phones in 2026 with OCBuyBack.com. Located in Orange County, CA with free shipping nationwide. Get paid fast online or in Brea.",Why OCBuyBack.com Is the Best Place to Sell Your Phone in 2026
/blog/2026/06/15/sell-your-iphone-before-the-iphone-18-launches-get-top-cash-in-brea-and-orange-county,Sell Your iPhone in Brea Before the iPhone 18 Launch | OCBuyBack,Looking to sell your iPhone in Brea or Orange County? OCBuyBack pays top cash for new and used iPhones. Get the best value before the iPhone 18 launch.,Sell Your iPhone Before the iPhone 18 Launches: Get Top Cash in Brea and Orange County
/blog/2026/07/28/sell-your-iphone-before-the-iphone-18-launch-get-top-cash-at-ocbuyback,📱 Sell Your iPhone Before the iPhone 18 Launch – Get Top Cash at OCBuyBack!,Sell your iPhone before the iPhone 18 release and lock in today's higher value. OCBuyBack in Brea pays top cash for iPhones with same-day payouts and free nationwide shipping.,📱 Sell Your iPhone Before the iPhone 18 Launch – Get Top Cash at OCBuyBack!
/blog/2026/08/18/sell-your-ipad-or-apple-watch-for-top-cash-in-brea-ca,"Sell iPads & Apple Watches for Cash in Brea, CA | OCBuyBack","Sell your Apple iPad or Apple Watch for top cash at OCBuyBack in Brea, CA. Get a fast quote and visit our local Orange County shop today.","Sell Your iPad or Apple Watch for Top Cash in Brea, CA"
/blog/2026/09/1/sell-your-iphone-17-pro-max-before-the-iphone-18-pro-max-arrives-get-top-cash-at-ocbuyback,Sell iPhone 17 Pro Max Before iPhone 18 | OCBuyBack,"Sell your iPhone 17 Pro Max before the iPhone 18 Pro Max arrives. Get a competitive cash offer from OCBuyBack in Brea, CA or ship free nationwide.",Sell Your iPhone 17 Pro Max Before the iPhone 18 Pro Max Arrives — Get Top Cash at OCBuyBack
/blog,,,<strong>Our Blog</strong>
/contact-us,,,"<i class=""fa fa-map-marker-alt""></i><br>Come to our location<br/>or <strong>contact us</strong> <br/><br/><br/>"
/faq,Questions about selling your device at OCBuyBack,Questions: Does the shipping label come with insurance? | How long is my offer good for? | How are the electronics evaluated? | How do I ship an item? | My package weighs more than the weight shown on the shipping label. What Should I do?,"<i class=""fa fa-comments""></i><br/><strong>Frequently Asked Questions</strong>"
/,"iPhone, iPad, Cell Phone, Tablet Trade | Brea, CA - OCBuyBack","OCBuyBack provides the best iPhone, iPad, cell phone trade in services in Brea, CA. Call or stop by today for a trade in!",Buy or sell a device
/locations/brea-ca-92821,,,
/privacy-policy,,,
/sell/cell-phone/apple/iphone-11-pro-max,"Sell iPhone 11 Pro Max Brea, CA | OCBuyBack","Cash for iPhone 11 Pro Max Brea, CA 92821. Visit our website or stop by today for a quote.","<strong> Sell iPhone 11 Pro Max</strong><br/> <span>in</span> <span>Brea, CA 92821</span>"
/sell/cell-phone/apple/iphone-11-pro,"Sell iPhone 11 Pro Brea, CA | OCBuyBack","Cash for iPhone 11 Pro Brea, CA 92821. Visit our website or stop by today for a quote.","<strong> Sell iPhone 11 Pro</strong><br/> <span>in</span> <span>Brea, CA 92821</span>"
/sell/cell-phone/apple/iphone-11,"Sell iPhone 11 Brea, CA | OCBuyBack","Cash for iPhone 11 Brea, CA 92821. Visit our website or stop by today for a quote.","<strong> Sell iPhone 11</strong><br/> <span>in</span> <span>Brea, CA 92821</span>"
/sell/cell-phone/apple/iphone-12-mini,"Sell iPhone 12 Mini Brea, CA | OCBuyBack","Cash for iPhone 12 Mini Brea, CA 92821. Visit our website or stop by today for a quote.","<strong> Sell iPhone 12 Mini</strong><br/> <span>in</span> <span>Brea, CA 92821</span>"
/sell/cell-phone/apple/iphone-12-pro-max,"Sell iPhone 12 Pro Max Brea, CA | OCBuyBack","Cash for iPhone 12 Pro Max Brea, CA 92821. Visit our website or stop by today for a quote.","<strong> Sell iPhone 12 Pro Max</strong><br/> <span>in</span> <span>Brea, CA 92821</span>"
/sell/cell-phone/apple/iphone-12-pro,"Sell iPhone 12 Pro Brea, CA | OCBuyBack","Cash for iPhone 12 Pro Brea, CA 92821. Visit our website or stop by today for a quote.","<strong> Sell iPhone 12 Pro</strong><br/> <span>in</span> <span>Brea, CA 92821</span>"
/sell/cell-phone/apple/iphone-12,"Sell iPhone 12 Brea, CA | OCBuyBack","Cash for iPhone 12 Brea, CA 92821. Visit our website or stop by today for a quote.","<strong> Sell iPhone 12</strong><br/> <span>in</span> <span>Brea, CA 92821</span>"
/sell/cell-phone/apple/iphone-13-mini,"Sell iPhone 13 Mini Brea, CA | OCBuyBack","Cash for iPhone 13 Mini Brea, CA 92821. Visit our website or stop by today for a quote.","<strong> Sell iPhone 13 Mini</strong><br/> <span>in</span> <span>Brea, CA 92821</span>"
/sell/cell-phone/apple/iphone-13-pro-max,"Sell iPhone 13 Pro Max Brea, CA | OCBuyBack","Cash for iPhone 13 Pro Max Brea, CA 92821. Visit our website or stop by today for a quote.","<strong> Sell iPhone 13 Pro Max</strong><br/> <span>in</span> <span>Brea, CA 92821</span>"
/sell/cell-phone/apple/iphone-13-pro,"Sell iPhone 13 Pro Brea, CA | OCBuyBack","Cash for iPhone 13 Pro Brea, CA 92821. Visit our website or stop by today for a quote.","<strong> Sell iPhone 13 Pro</strong><br/> <span>in</span> <span>Brea, CA 92821</span>"
/sell/cell-phone/apple/iphone-13,"Sell iPhone 13 Brea, CA | OCBuyBack","Cash for iPhone 13 Brea, CA 92821. Visit our website or stop by today for a quote.","<strong> Sell iPhone 13</strong><br/> <span>in</span> <span>Brea, CA 92821</span>"
/sell/cell-phone/apple/iphone-14-plus,"Sell iPhone 14 Plus Brea, CA | OCBuyBack","Cash for iPhone 14 Plus Brea, CA 92821. Visit our website or stop by today for a quote.","<strong> Sell iPhone 14 Plus</strong><br/> <span>in</span> <span>Brea, CA 92821</span>"
/sell/cell-phone/apple/iphone-14-pro-max,"Sell iPhone 14 Pro Max Brea, CA | OCBuyBack","Cash for iPhone 14 Pro Max Brea, CA 92821. Visit our website or stop by today for a quote.","<strong> Sell iPhone 14 Pro Max</strong><br/> <span>in</span> <span>Brea, CA 92821</span>"
/sell/cell-phone/apple/iphone-14-pro,"Sell iPhone 14 Pro Brea, CA | OCBuyBack","Cash for iPhone 14 Pro Brea, CA 92821. Visit our website or stop by today for a quote.","<strong> Sell iPhone 14 Pro</strong><br/> <span>in</span> <span>Brea, CA 92821</span>"
/sell/cell-phone/apple/iphone-14,"Sell iPhone 14 Brea, CA | OCBuyBack","Cash for iPhone 14 Brea, CA 92821. Visit our website or stop by today for a quote.","<strong> Sell iPhone 14</strong><br/> <span>in</span> <span>Brea, CA 92821</span>"
/sell/cell-phone/apple/iphone-15-plus,"Sell iPhone 15 Plus Brea, CA | OCBuyBack","Cash for iPhone 15 Plus Brea, CA 92821. Visit our website or stop by today for a quote.","<strong> Sell iPhone 15 Plus</strong><br/> <span>in</span> <span>Brea, CA 92821</span>"
/sell/cell-phone/apple/iphone-15-pro-max,"Sell iPhone 15 Pro Max Brea, CA | OCBuyBack","Cash for iPhone 15 Pro Max Brea, CA 92821. Visit our website or stop by today for a quote.","<strong> Sell iPhone 15 Pro Max</strong><br/> <span>in</span> <span>Brea, CA 92821</span>"
/sell/cell-phone/apple/iphone-15-pro,"Sell iPhone 15 Pro Brea, CA | OCBuyBack","Cash for iPhone 15 Pro Brea, CA 92821. Visit our website or stop by today for a quote.","<strong> Sell iPhone 15 Pro</strong><br/> <span>in</span> <span>Brea, CA 92821</span>"
/sell/cell-phone/apple/iphone-15,"Sell iPhone 15 Brea, CA | OCBuyBack","Cash for iPhone 15 Brea, CA 92821. Visit our website or stop by today for a quote.","<strong> Sell iPhone 15</strong><br/> <span>in</span> <span>Brea, CA 92821</span>"
/sell/cell-phone/apple/iphone-16-plus,"Sell iPhone 16 Plus Brea, CA | OCBuyBack","Cash for iPhone 16 Plus Brea, CA 92821. Visit our website or stop by today for a quote.","<strong> Sell iPhone 16 Plus</strong><br/> <span>in</span> <span>Brea, CA 92821</span>"
/sell/cell-phone/apple/iphone-16-pro-max,"Sell iPhone 16 Pro Max Brea, CA | OCBuyBack","Cash for iPhone 16 Pro Max Brea, CA 92821. Visit our website or stop by today for a quote.","<strong> Sell iPhone 16 Pro Max</strong><br/> <span>in</span> <span>Brea, CA 92821</span>"
/sell/cell-phone/apple/iphone-16-pro,"Sell iPhone 16 Pro Brea, CA | OCBuyBack","Cash for iPhone 16 Pro Brea, CA 92821. Visit our website or stop by today for a quote.","<strong> Sell iPhone 16 Pro</strong><br/> <span>in</span> <span>Brea, CA 92821</span>"
/sell/cell-phone/apple/iphone-16,"Sell iPhone 16 Brea, CA | OCBuyBack","Cash for iPhone 16 Brea, CA 92821. Visit our website or stop by today for a quote.","<strong> Sell iPhone 16</strong><br/> <span>in</span> <span>Brea, CA 92821</span>"
/sell/cell-phone/apple/iphone-16e,"Sell iPhone 16e Brea, CA | OCBuyBack","Cash for iPhone 16e Brea, CA 92821. Visit our website or stop by today for a quote.","<strong> Sell iPhone 16e</strong><br/> <span>in</span> <span>Brea, CA 92821</span>"
/sell/cell-phone/apple/iphone-17-pro-max,"Sell iPhone 17 Pro Max Brea, CA | OCBuyBack","Cash for iPhone 17 Pro Max Brea, CA 92821. Visit our website or stop by today for a quote.","<strong> Sell iPhone 17 Pro Max</strong><br/> <span>in</span> <span>Brea, CA 92821</span>"
/sell/cell-phone/apple/iphone-17-pro,"Sell iPhone 17 Pro Brea, CA | OCBuyBack","Cash for iPhone 17 Pro Brea, CA 92821. Visit our website or stop by today for a quote.","<strong> Sell iPhone 17 Pro</strong><br/> <span>in</span> <span>Brea, CA 92821</span>"
/sell/cell-phone/apple/iphone-17,"Sell iPhone 17 Brea, CA | OCBuyBack","Cash for iPhone 17 Brea, CA 92821. Visit our website or stop by today for a quote.","<strong> Sell iPhone 17</strong><br/> <span>in</span> <span>Brea, CA 92821</span>"
/sell/cell-phone/apple/iphone-17e,"Sell iPhone 17e Brea, CA | OCBuyBack","Cash for iPhone 17e Brea, CA 92821. Visit our website or stop by today for a quote.","<strong> Sell iPhone 17e</strong><br/> <span>in</span> <span>Brea, CA 92821</span>"
/sell/cell-phone/apple/iphone-air,"Sell iPhone Air Brea, CA | OCBuyBack","Cash for iPhone Air Brea, CA 92821. Visit our website or stop by today for a quote.","<strong> Sell iPhone Air</strong><br/> <span>in</span> <span>Brea, CA 92821</span>"
/sell/cell-phone/apple/iphone-se-3rd-gen-2022,"Sell iPhone SE 3rd Gen (2022) Brea, CA | OCBuyBack","Cash for iPhone SE 3rd Gen (2022) Brea, CA 92821. Visit our website or stop by today for a quote.","<strong> Sell iPhone SE 3rd Gen (2022)</strong><br/> <span>in</span> <span>Brea, CA 92821</span>"
/sell/cell-phone/apple,"Sell iPhone Near Me Brea, CA | OCBuyBack","OCBuyBack specializes in buying used and broken iPhone models in Brea, CA. We offer cash for iPhones in all types of conditions.","Sell iPhone<br/> <span> in </span> <span>Brea, CA 92821</span>"
/sell/cell-phone/google/pixel-10-pro-fold,"Sell Google Pixel 10 Pro Fold Brea, CA | OCBuyBack","Cash for Google Pixel 10 Pro Fold Brea, CA 92821. Visit our website or stop by today for a quote.","<strong> Sell Pixel 10 Pro Fold</strong><br/> <span>in</span> <span>Brea, CA 92821</span>"
/sell/cell-phone/google/pixel-10-pro-xl,"Sell Google Pixel 10 Pro XL Brea, CA | OCBuyBack","Cash for Google Pixel 10 Pro XL Brea, CA 92821. Visit our website or stop by today for a quote.","<strong> Sell Pixel 10 Pro XL</strong><br/> <span>in</span> <span>Brea, CA 92821</span>"
/sell/cell-phone/google/pixel-10-pro,"Sell Google Pixel 10 Pro Brea, CA | OCBuyBack","Cash for Google Pixel 10 Pro Brea, CA 92821. Visit our website or stop by today for a quote.","<strong> Sell Pixel 10 Pro</strong><br/> <span>in</span> <span>Brea, CA 92821</span>"
/sell/cell-phone/google/pixel-10,"Sell Google Pixel 10 Brea, CA | OCBuyBack","Cash for Google Pixel 10 Brea, CA 92821. Visit our website or stop by today for a quote.","<strong> Sell Pixel 10</strong><br/> <span>in</span> <span>Brea, CA 92821</span>"
/sell/cell-phone/google/pixel-7-pro,"Sell Google Pixel 7 Pro Brea, CA | OCBuyBack","Cash for Google Pixel 7 Pro Brea, CA 92821. Visit our website or stop by today for a quote.","<strong> Sell Pixel 7 Pro</strong><br/> <span>in</span> <span>Brea, CA 92821</span>"
/sell/cell-phone/google/pixel-7,"Sell Google Pixel 7 Brea, CA | OCBuyBack","Cash for Google Pixel 7 Brea, CA 92821. Visit our website or stop by today for a quote.","<strong> Sell Pixel 7</strong><br/> <span>in</span> <span>Brea, CA 92821</span>"
/sell/cell-phone/google/pixel-7a,"Sell Google Pixel 7a Brea, CA | OCBuyBack","Cash for Google Pixel 7a Brea, CA 92821. Visit our website or stop by today for a quote.","<strong> Sell Pixel 7a</strong><br/> <span>in</span> <span>Brea, CA 92821</span>"
/sell/cell-phone/google/pixel-8-pro,"Sell Google Pixel 8 Pro Brea, CA | OCBuyBack","Cash for Google Pixel 8 Pro Brea, CA 92821. Visit our website or stop by today for a quote.","<strong> Sell Pixel 8 Pro</strong><br/> <span>in</span> <span>Brea, CA 92821</span>"
/sell/cell-phone/google/pixel-8,"Sell Google Pixel 8 Brea, CA | OCBuyBack","Cash for Google Pixel 8 Brea, CA 92821. Visit our website or stop by today for a quote.","<strong> Sell Pixel 8</strong><br/> <span>in</span> <span>Brea, CA 92821</span>"
/sell/cell-phone/google/pixel-8a,"Sell Google Pixel 8a Brea, CA | OCBuyBack","Cash for Google Pixel 8a Brea, CA 92821. Visit our website or stop by today for a quote.","<strong> Sell Pixel 8a</strong><br/> <span>in</span> <span>Brea, CA 92821</span>"
/sell/cell-phone/google/pixel-9-pro-fold,"Sell Google Pixel 9 Pro Fold Brea, CA | OCBuyBack","Cash for Google Pixel 9 Pro Fold Brea, CA 92821. Visit our website or stop by today for a quote.","<strong> Sell Pixel 9 Pro Fold</strong><br/> <span>in</span> <span>Brea, CA 92821</span>"
/sell/cell-phone/google/pixel-9-pro-xl,"Sell Google Pixel 9 Pro XL Brea, CA | OCBuyBack","Cash for Google Pixel 9 Pro XL Brea, CA 92821. Visit our website or stop by today for a quote.","<strong> Sell Pixel 9 Pro XL</strong><br/> <span>in</span> <span>Brea, CA 92821</span>"
/sell/cell-phone/google/pixel-9-pro,"Sell Google Pixel 9 Pro Brea, CA | OCBuyBack","Cash for Google Pixel 9 Pro Brea, CA 92821. Visit our website or stop by today for a quote.","<strong> Sell Pixel 9 Pro</strong><br/> <span>in</span> <span>Brea, CA 92821</span>"
/sell/cell-phone/google/pixel-9,"Sell Google Pixel 9 Brea, CA | OCBuyBack","Cash for Google Pixel 9 Brea, CA 92821. Visit our website or stop by today for a quote.","<strong> Sell Pixel 9</strong><br/> <span>in</span> <span>Brea, CA 92821</span>"
/sell/cell-phone/google/pixel-9a,"Sell Google Pixel 9a Brea, CA | OCBuyBack","Cash for Google Pixel 9a Brea, CA 92821. Visit our website or stop by today for a quote.","<strong> Sell Pixel 9a</strong><br/> <span>in</span> <span>Brea, CA 92821</span>"
/sell/cell-phone/google/pixel-fold,"Sell Google Pixel Fold Brea, CA | OCBuyBack","Cash for Google Pixel Fold Brea, CA 92821. Visit our website or stop by today for a quote.","<strong> Sell Pixel Fold</strong><br/> <span>in</span> <span>Brea, CA 92821</span>"
/sell/cell-phone/google,"Sell Google Phone Near Me Brea, CA | OCBuyBack","OCBuyBack specializes in buying used and broken Google phones Brea, CA 92821. Visit our website or stop by today for a quote.","Sell Google Cell Phone<br/> <span> in </span> <span>Brea, CA 92821</span>"
/sell/cell-phone/oneplus/10-pro,"Sell OnePlus 10 Pro Brea, CA | OCBuyBack","Cash for OnePlus 10 Pro Brea, CA 92821. Visit our website or stop by today for a quote.","<strong> Sell 10 Pro</strong><br/> <span>in</span> <span>Brea, CA 92821</span>"
/sell/cell-phone/oneplus/11,"Sell OnePlus 11 Brea, CA | OCBuyBack","Cash for OnePlus 11 Brea, CA 92821. Visit our website or stop by today for a quote.","<strong> Sell 11</strong><br/> <span>in</span> <span>Brea, CA 92821</span>"
/sell/cell-phone/oneplus/12,"Sell OnePlus 12 Brea, CA | OCBuyBack","Cash for OnePlus 12 Brea, CA 92821. Visit our website or stop by today for a quote.","<strong> Sell 12</strong><br/> <span>in</span> <span>Brea, CA 92821</span>"
/sell/cell-phone/oneplus/12r,"Sell OnePlus 12R Brea, CA | OCBuyBack","Cash for OnePlus 12R Brea, CA 92821. Visit our website or stop by today for a quote.","<strong> Sell 12R</strong><br/> <span>in</span> <span>Brea, CA 92821</span>"
/sell/cell-phone/oneplus/13,"Sell OnePlus 13 Brea, CA | OCBuyBack","Cash for OnePlus 13 Brea, CA 92821. Visit our website or stop by today for a quote.","<strong> Sell 13</strong><br/> <span>in</span> <span>Brea, CA 92821</span>"
/sell/cell-phone/oneplus/13r,"Sell OnePlus 13R Brea, CA | OCBuyBack","Cash for OnePlus 13R Brea, CA 92821. Visit our website or stop by today for a quote.","<strong> Sell 13R</strong><br/> <span>in</span> <span>Brea, CA 92821</span>"
/sell/cell-phone/oneplus/15,"Sell OnePlus 15 Brea, CA | OCBuyBack","Cash for OnePlus 15 Brea, CA 92821. Visit our website or stop by today for a quote.","<strong> Sell 15</strong><br/> <span>in</span> <span>Brea, CA 92821</span>"
/sell/cell-phone/oneplus/15r,"Sell OnePlus 15R Brea, CA | OCBuyBack","Cash for OnePlus 15R Brea, CA 92821. Visit our website or stop by today for a quote.","<strong> Sell 15R</strong><br/> <span>in</span> <span>Brea, CA 92821</span>"
/sell/cell-phone/oneplus/8-5g,"Sell OnePlus 8 5G Brea, CA | OCBuyBack","Cash for OnePlus 8 5G Brea, CA 92821. Visit our website or stop by today for a quote.","<strong> Sell 8 5G</strong><br/> <span>in</span> <span>Brea, CA 92821</span>"
/sell/cell-phone/oneplus/8-pro,"Sell OnePlus 8 Pro Brea, CA | OCBuyBack","Cash for OnePlus 8 Pro Brea, CA 92821. Visit our website or stop by today for a quote.","<strong> Sell 8 Pro</strong><br/> <span>in</span> <span>Brea, CA 92821</span>"
/sell/cell-phone/oneplus/9-pro,"Sell OnePlus 9 Pro Brea, CA | OCBuyBack","Cash for OnePlus 9 Pro Brea, CA 92821. Visit our website or stop by today for a quote.","<strong> Sell 9 Pro</strong><br/> <span>in</span> <span>Brea, CA 92821</span>"
/sell/cell-phone/oneplus/9,"Sell OnePlus 9 Brea, CA | OCBuyBack","Cash for OnePlus 9 Brea, CA 92821. Visit our website or stop by today for a quote.","<strong> Sell 9</strong><br/> <span>in</span> <span>Brea, CA 92821</span>"
/sell/cell-phone/oneplus/open,"Sell OnePlus Open Brea, CA | OCBuyBack","Cash for OnePlus Open Brea, CA 92821. Visit our website or stop by today for a quote.","<strong> Sell Open</strong><br/> <span>in</span> <span>Brea, CA 92821</span>"
/sell/cell-phone/oneplus,"Sell OnePlus Phone Near Me Brea, CA | OCBuyBack","OCBuyBack specializes in buying used and broken OnePlus phones Brea, CA 92821. Visit our website or stop by today for a quote.","Sell OnePlus Cell Phone<br/> <span> in </span> <span>Brea, CA 92821</span>"
/sell/cell-phone/samsung/galaxy-note-20-ultra,"Sell Samsung Galaxy Note 20 Ultra Brea, CA | OCBuyBack","Cash for Samsung Galaxy Note 20 Ultra Brea, CA 92821. Visit our website or stop by today for a quote.","<strong> Sell Galaxy Note 20 Ultra</strong><br/> <span>in</span> <span>Brea, CA 92821</span>"
/sell/cell-phone/samsung/galaxy-note-20,"Sell Samsung Galaxy Note 20 Brea, CA | OCBuyBack","Cash for Samsung Galaxy Note 20 Brea, CA 92821. Visit our website or stop by today for a quote.","<strong> Sell Galaxy Note 20</strong><br/> <span>in</span> <span>Brea, CA 92821</span>"
/sell/cell-phone/samsung/galaxy-s21-fe,"Sell Samsung Galaxy S21 FE Brea, CA | OCBuyBack","Cash for Samsung Galaxy S21 FE Brea, CA 92821. Visit our website or stop by today for a quote.","<strong> Sell Galaxy S21 FE</strong><br/> <span>in</span> <span>Brea, CA 92821</span>"
/sell/cell-phone/samsung/galaxy-s21-plus,"Sell Samsung Galaxy S21 Plus Brea, CA | OCBuyBack","Cash for Samsung Galaxy S21 Plus Brea, CA 92821. Visit our website or stop by today for a quote.","<strong> Sell Galaxy S21 Plus</strong><br/> <span>in</span> <span>Brea, CA 92821</span>"
/sell/cell-phone/samsung/galaxy-s21-ultra,"Sell Samsung Galaxy S21 Ultra Brea, CA | OCBuyBack","Cash for Samsung Galaxy S21 Ultra Brea, CA 92821. Visit our website or stop by today for a quote.","<strong> Sell Galaxy S21 Ultra</strong><br/> <span>in</span> <span>Brea, CA 92821</span>"
/sell/cell-phone/samsung/galaxy-s21,"Sell Samsung Galaxy S21 Brea, CA | OCBuyBack","Cash for Samsung Galaxy S21 Brea, CA 92821. Visit our website or stop by today for a quote.","<strong> Sell Galaxy S21</strong><br/> <span>in</span> <span>Brea, CA 92821</span>"
/sell/cell-phone/samsung/galaxy-s22-plus,"Sell Samsung Galaxy S22 Plus Brea, CA | OCBuyBack","Cash for Samsung Galaxy S22 Plus Brea, CA 92821. Visit our website or stop by today for a quote.","<strong> Sell Galaxy S22 Plus</strong><br/> <span>in</span> <span>Brea, CA 92821</span>"
/sell/cell-phone/samsung/galaxy-s22-ultra,"Sell Samsung Galaxy S22 Ultra Brea, CA | OCBuyBack","Cash for Samsung Galaxy S22 Ultra Brea, CA 92821. Visit our website or stop by today for a quote.","<strong> Sell Galaxy S22 Ultra</strong><br/> <span>in</span> <span>Brea, CA 92821</span>"
/sell/cell-phone/samsung/galaxy-s22,"Sell Samsung Galaxy S22 Brea, CA | OCBuyBack","Cash for Samsung Galaxy S22 Brea, CA 92821. Visit our website or stop by today for a quote.","<strong> Sell Galaxy S22</strong><br/> <span>in</span> <span>Brea, CA 92821</span>"
/sell/cell-phone/samsung/galaxy-s23-fe,"Sell Samsung Galaxy S23 FE Brea, CA | OCBuyBack","Cash for Samsung Galaxy S23 FE Brea, CA 92821. Visit our website or stop by today for a quote.","<strong> Sell Galaxy S23 FE</strong><br/> <span>in</span> <span>Brea, CA 92821</span>"
/sell/cell-phone/samsung/galaxy-s23-plus,"Sell Samsung Galaxy S23 Plus Brea, CA | OCBuyBack","Cash for Samsung Galaxy S23 Plus Brea, CA 92821. Visit our website or stop by today for a quote.","<strong> Sell Galaxy S23 Plus</strong><br/> <span>in</span> <span>Brea, CA 92821</span>"
/sell/cell-phone/samsung/galaxy-s23-ultra,"Sell Samsung Galaxy S23 Ultra Brea, CA | OCBuyBack","Cash for Samsung Galaxy S23 Ultra Brea, CA 92821. Visit our website or stop by today for a quote.","<strong> Sell Galaxy S23 Ultra</strong><br/> <span>in</span> <span>Brea, CA 92821</span>"
/sell/cell-phone/samsung/galaxy-s23,"Sell Samsung Galaxy S23 Brea, CA | OCBuyBack","Cash for Samsung Galaxy S23 Brea, CA 92821. Visit our website or stop by today for a quote.","<strong> Sell Galaxy S23</strong><br/> <span>in</span> <span>Brea, CA 92821</span>"
/sell/cell-phone/samsung/galaxy-s24-fe,"Sell Samsung Galaxy S24 Fe Brea, CA | OCBuyBack","Cash for Samsung Galaxy S24 Fe Brea, CA 92821. Visit our website or stop by today for a quote.","<strong> Sell Galaxy S24 Fe</strong><br/> <span>in</span> <span>Brea, CA 92821</span>"
/sell/cell-phone/samsung/galaxy-s24-plus,"Sell Samsung Galaxy S24 Plus Brea, CA | OCBuyBack","Cash for Samsung Galaxy S24 Plus Brea, CA 92821. Visit our website or stop by today for a quote.","<strong> Sell Galaxy S24 Plus</strong><br/> <span>in</span> <span>Brea, CA 92821</span>"
/sell/cell-phone/samsung/galaxy-s24-ultra,"Sell Samsung Galaxy S24 Ultra Brea, CA | OCBuyBack","Cash for Samsung Galaxy S24 Ultra Brea, CA 92821. Visit our website or stop by today for a quote.","<strong> Sell Galaxy S24 Ultra</strong><br/> <span>in</span> <span>Brea, CA 92821</span>"
/sell/cell-phone/samsung/galaxy-s24,"Sell Samsung Galaxy S24 Brea, CA | OCBuyBack","Cash for Samsung Galaxy S24 Brea, CA 92821. Visit our website or stop by today for a quote.","<strong> Sell Galaxy S24</strong><br/> <span>in</span> <span>Brea, CA 92821</span>"
/sell/cell-phone/samsung/galaxy-s25-edge,"Sell Samsung Galaxy S25 Edge Brea, CA | OCBuyBack","Cash for Samsung Galaxy S25 Edge Brea, CA 92821. Visit our website or stop by today for a quote.","<strong> Sell Galaxy S25 Edge</strong><br/> <span>in</span> <span>Brea, CA 92821</span>"
/sell/cell-phone/samsung/galaxy-s25-fe,"Sell Samsung Galaxy S25 FE Brea, CA | OCBuyBack","Cash for Samsung Galaxy S25 FE Brea, CA 92821. Visit our website or stop by today for a quote.","<strong> Sell Galaxy S25 FE</strong><br/> <span>in</span> <span>Brea, CA 92821</span>"
/sell/cell-phone/samsung/galaxy-s25-plus,"Sell Samsung Galaxy S25 Plus Brea, CA | OCBuyBack","Cash for Samsung Galaxy S25 Plus Brea, CA 92821. Visit our website or stop by today for a quote.","<strong> Sell Galaxy S25 Plus</strong><br/> <span>in</span> <span>Brea, CA 92821</span>"
/sell/cell-phone/samsung/galaxy-s25-ultra,"Sell Samsung Galaxy S25 Ultra Brea, CA | OCBuyBack","Cash for Samsung Galaxy S25 Ultra Brea, CA 92821. Visit our website or stop by today for a quote.","<strong> Sell Galaxy S25 Ultra</strong><br/> <span>in</span> <span>Brea, CA 92821</span>"
/sell/cell-phone/samsung/galaxy-s25,"Sell Samsung Galaxy S25 Brea, CA | OCBuyBack","Cash for Samsung Galaxy S25 Brea, CA 92821. Visit our website or stop by today for a quote.","<strong> Sell Galaxy S25</strong><br/> <span>in</span> <span>Brea, CA 92821</span>"
/sell/cell-phone/samsung/galaxy-s26-plus,"Sell Samsung Galaxy S26 Plus Brea, CA | OCBuyBack","Cash for Samsung Galaxy S26 Plus Brea, CA 92821. Visit our website or stop by today for a quote.","<strong> Sell Galaxy S26 Plus</strong><br/> <span>in</span> <span>Brea, CA 92821</span>"
/sell/cell-phone/samsung/galaxy-s26-ultra,"Sell Samsung Galaxy S26 Ultra Brea, CA | OCBuyBack","Cash for Samsung Galaxy S26 Ultra Brea, CA 92821. Visit our website or stop by today for a quote.","<strong> Sell Galaxy S26 Ultra</strong><br/> <span>in</span> <span>Brea, CA 92821</span>"
/sell/cell-phone/samsung/galaxy-s26,"Sell Samsung Galaxy S26 Brea, CA | OCBuyBack","Cash for Samsung Galaxy S26 Brea, CA 92821. Visit our website or stop by today for a quote.","<strong> Sell Galaxy S26</strong><br/> <span>in</span> <span>Brea, CA 92821</span>"
/sell/cell-phone/samsung/galaxy-z-flip4,"Sell Samsung Galaxy Z Flip4 Brea, CA | OCBuyBack","Cash for Samsung Galaxy Z Flip4 Brea, CA 92821. Visit our website or stop by today for a quote.","<strong> Sell Galaxy Z Flip4</strong><br/> <span>in</span> <span>Brea, CA 92821</span>"
/sell/cell-phone/samsung/galaxy-z-flip5,"Sell Samsung Galaxy Z Flip5 Brea, CA | OCBuyBack","Cash for Samsung Galaxy Z Flip5 Brea, CA 92821. Visit our website or stop by today for a quote.","<strong> Sell Galaxy Z Flip5</strong><br/> <span>in</span> <span>Brea, CA 92821</span>"
/sell/cell-phone/samsung/galaxy-z-flip6,"Sell Samsung Galaxy Z Flip6 Brea, CA | OCBuyBack","Cash for Samsung Galaxy Z Flip6 Brea, CA 92821. Visit our website or stop by today for a quote.","<strong> Sell Galaxy Z Flip6</strong><br/> <span>in</span> <span>Brea, CA 92821</span>"
/sell/cell-phone/samsung/galaxy-z-flip7-fe,"Sell Samsung Galaxy Z Flip7 FE Brea, CA | OCBuyBack","Cash for Samsung Galaxy Z Flip7 FE Brea, CA 92821. Visit our website or stop by today for a quote.","<strong> Sell Galaxy Z Flip7 FE</strong><br/> <span>in</span> <span>Brea, CA 92821</span>"
/sell/cell-phone/samsung/galaxy-z-flip7,"Sell Samsung Galaxy Z Flip7 Brea, CA | OCBuyBack","Cash for Samsung Galaxy Z Flip7 Brea, CA 92821. Visit our website or stop by today for a quote.","<strong> Sell Galaxy Z Flip7</strong><br/> <span>in</span> <span>Brea, CA 92821</span>"
/sell/cell-phone/samsung/galaxy-z-fold5,"Sell Samsung Galaxy Z Fold5 Brea, CA | OCBuyBack","Cash for Samsung Galaxy Z Fold5 Brea, CA 92821. Visit our website or stop by today for a quote.","<strong> Sell Galaxy Z Fold5</strong><br/> <span>in</span> <span>Brea, CA 92821</span>"
/sell/cell-phone/samsung/galaxy-z-fold6,"Sell Samsung Galaxy Z Fold6 Brea, CA | OCBuyBack","Cash for Samsung Galaxy Z Fold6 Brea, CA 92821. Visit our website or stop by today for a quote.","<strong> Sell Galaxy Z Fold6</strong><br/> <span>in</span> <span>Brea, CA 92821</span>"
/sell/cell-phone/samsung/galaxy-z-fold7,"Sell Samsung Galaxy Z Fold7 Brea, CA | OCBuyBack","Cash for Samsung Galaxy Z Fold7 Brea, CA 92821. Visit our website or stop by today for a quote.","<strong> Sell Galaxy Z Fold7</strong><br/> <span>in</span> <span>Brea, CA 92821</span>"
/sell/cell-phone/samsung,"Sell Samsung Phone Near Me Brea, CA | OCBuyBack","OCBuyBack specializes in buying used and broken Samsung phones Brea, CA 92821. Visit our website or stop by today for a quote.","Sell Samsung Cell Phone<br/> <span> in </span> <span>Brea, CA 92821</span>"
/sell/cell-phone,"Sell Cell Phone Near Me Brea, CA | OCBuyBack","OCBuyBack is the number one cell phone trade-in spot around Brea, CA. Call us today or stop by to get cash for your cell phone.","Sell Cell Phone<br/> <span> in </span> <span>Brea, CA 92821</span>"
/sell/game-console/asus/rog-ally-x,Sell ROG Ally X for cash today! | OCBuyBack,"OCBuyBack offers cash for your ROG Ally X. We also buy XBOX, PS4, Switch, and more. Click for your offer.","<strong> Sell ROG Ally X</strong><br/> <span>in</span> <span>Brea, CA 92821</span>"
/sell/game-console/asus/rog-ally,Sell rog ally for cash today! | OCBuyBack,"OCBuyBack offers cash for your rog ally. We also buy XBOX, PS4, Switch, and more. Click for your offer.","<strong> Sell rog ally</strong><br/> <span>in</span> <span>Brea, CA 92821</span>"
/sell/game-console/microsoft/xbox-one-s,Sell Xbox One S for cash today! | OCBuyBack,"OCBuyBack offers cash for your Xbox One S. We also buy XBOX, PS4, Switch, and more. Click for your offer.","<strong> Sell Xbox One S</strong><br/> <span>in</span> <span>Brea, CA 92821</span>"
/sell/game-console/microsoft/xbox-series-s,Sell Xbox Series S for cash today! | OCBuyBack,"OCBuyBack offers cash for your Xbox Series S. We also buy XBOX, PS4, Switch, and more. Click for your offer.","<strong> Sell Xbox Series S</strong><br/> <span>in</span> <span>Brea, CA 92821</span>"
/sell/game-console/microsoft/xbox-series-x,Sell Xbox Series X for cash today! | OCBuyBack,"OCBuyBack offers cash for your Xbox Series X. We also buy XBOX, PS4, Switch, and more. Click for your offer.","<strong> Sell Xbox Series X</strong><br/> <span>in</span> <span>Brea, CA 92821</span>"
/sell/game-console/microsoft,Sell Microsoft Game Console | OCBuyBack,"OCBuyBack offers cash for your Microsoft game console. We buy XBOX, PS4, Switch, and more and pay cash.","Sell Microsoft Game Console<br/> <span> in </span> <span>Brea, CA 92821</span>"
/sell/game-console/nintendo/switch-2,Sell Switch 2 for cash today! | OCBuyBack,"OCBuyBack offers cash for your Switch 2. We also buy XBOX, PS4, Switch, and more. Click for your offer.","<strong> Sell Switch 2</strong><br/> <span>in</span> <span>Brea, CA 92821</span>"
/sell/game-console/nintendo/switch-lite,Sell Switch Lite for cash today! | OCBuyBack,"OCBuyBack offers cash for your Switch Lite. We also buy XBOX, PS4, Switch, and more. Click for your offer.","<strong> Sell Switch Lite</strong><br/> <span>in</span> <span>Brea, CA 92821</span>"
/sell/game-console/nintendo/switch-oled,Sell Switch OLED for cash today! | OCBuyBack,"OCBuyBack offers cash for your Switch OLED. We also buy XBOX, PS4, Switch, and more. Click for your offer.","<strong> Sell Switch OLED</strong><br/> <span>in</span> <span>Brea, CA 92821</span>"
/sell/game-console/nintendo/switch,Sell Switch for cash today! | OCBuyBack,"OCBuyBack offers cash for your Switch. We also buy XBOX, PS4, Switch, and more. Click for your offer.","<strong> Sell Switch</strong><br/> <span>in</span> <span>Brea, CA 92821</span>"
/sell/game-console/nintendo,Sell Nintendo Game Console | OCBuyBack,"OCBuyBack offers cash for your Nintendo game console. We buy XBOX, PS4, Switch, and more and pay cash.","Sell Nintendo Game Console<br/> <span> in </span> <span>Brea, CA 92821</span>"
/sell/game-console/sony/playstation-portal,Sell playstation portal for cash today! | OCBuyBack,"OCBuyBack offers cash for your playstation portal. We also buy XBOX, PS4, Switch, and more. Click for your offer.","<strong> Sell playstation portal</strong><br/> <span>in</span> <span>Brea, CA 92821</span>"
/sell/game-console/sony/ps4-pro,Sell ps4 pro for cash today! | OCBuyBack,"OCBuyBack offers cash for your ps4 pro. We also buy XBOX, PS4, Switch, and more. Click for your offer.","<strong> Sell ps4 pro</strong><br/> <span>in</span> <span>Brea, CA 92821</span>"
/sell/game-console/sony/ps4-slim,Sell ps4 slim for cash today! | OCBuyBack,"OCBuyBack offers cash for your ps4 slim. We also buy XBOX, PS4, Switch, and more. Click for your offer.","<strong> Sell ps4 slim</strong><br/> <span>in</span> <span>Brea, CA 92821</span>"
/sell/game-console/sony/ps4,Sell ps4 for cash today! | OCBuyBack,"OCBuyBack offers cash for your ps4. We also buy XBOX, PS4, Switch, and more. Click for your offer.","<strong> Sell ps4</strong><br/> <span>in</span> <span>Brea, CA 92821</span>"
/sell/game-console/sony/ps5-digital-edition,Sell ps5 digital edition for cash today! | OCBuyBack,"OCBuyBack offers cash for your ps5 digital edition. We also buy XBOX, PS4, Switch, and more. Click for your offer.","<strong> Sell ps5 digital edition</strong><br/> <span>in</span> <span>Brea, CA 92821</span>"
/sell/game-console/sony/ps5-pro,Sell ps5 pro for cash today! | OCBuyBack,"OCBuyBack offers cash for your ps5 pro. We also buy XBOX, PS4, Switch, and more. Click for your offer.","<strong> Sell ps5 pro</strong><br/> <span>in</span> <span>Brea, CA 92821</span>"
/sell/game-console/sony/ps5-slim-digital-edition,Sell ps5 slim digital edition for cash today! | OCBuyBack,"OCBuyBack offers cash for your ps5 slim digital edition. We also buy XBOX, PS4, Switch, and more. Click for your offer.","<strong> Sell ps5 slim digital edition</strong><br/> <span>in</span> <span>Brea, CA 92821</span>"
/sell/game-console/sony/ps5-slim,Sell ps5 slim for cash today! | OCBuyBack,"OCBuyBack offers cash for your ps5 slim. We also buy XBOX, PS4, Switch, and more. Click for your offer.","<strong> Sell ps5 slim</strong><br/> <span>in</span> <span>Brea, CA 92821</span>"
/sell/game-console/sony/ps5,Sell ps5 for cash today! | OCBuyBack,"OCBuyBack offers cash for your ps5. We also buy XBOX, PS4, Switch, and more. Click for your offer.","<strong> Sell ps5</strong><br/> <span>in</span> <span>Brea, CA 92821</span>"
/sell/game-console/sony,Sell Sony Game Console | OCBuyBack,"OCBuyBack offers cash for your Sony game console. We buy XBOX, PS4, Switch, and more and pay cash.","Sell Sony Game Console<br/> <span> in </span> <span>Brea, CA 92821</span>"
/sell/game-console/valve/steam-deck-oled,Sell Steam Deck OLED for cash today! | OCBuyBack,"OCBuyBack offers cash for your Steam Deck OLED. We also buy XBOX, PS4, Switch, and more. Click for your offer.","<strong> Sell Steam Deck OLED</strong><br/> <span>in</span> <span>Brea, CA 92821</span>"
/sell/game-console,"Sell XBOX, PS4, Switch, Console Near Me Brea, CA | OCBuyBack","OCBuyBack offers cash for your game console. We buy XBOX, PS4, Switch, and more and pay cash.","Sell Game Console<br/> <span> in </span> <span>Brea, CA 92821</span>"
/sell/gopro/gopro/hero-10,"Sell GoPro Hero 10 Near Me Brea, CA | OCBuyBack","Sell your GoPro Hero 10 for cash in Brea, CA.","<strong> Sell Hero 10</strong><br/> <span>in</span> <span>Brea, CA 92821</span>"
/sell/gopro/gopro/hero-11-black-mini,"Sell GoPro Hero 11 Black Mini Near Me Brea, CA | OCBuyBack","Sell your GoPro Hero 11 Black Mini for cash in Brea, CA.","<strong> Sell Hero 11 Black Mini</strong><br/> <span>in</span> <span>Brea, CA 92821</span>"
/sell/gopro/gopro/hero-11-black,"Sell GoPro Hero 11 Black Near Me Brea, CA | OCBuyBack","Sell your GoPro Hero 11 Black for cash in Brea, CA.","<strong> Sell Hero 11 Black</strong><br/> <span>in</span> <span>Brea, CA 92821</span>"
/sell/gopro/gopro/hero-12-black,"Sell GoPro Hero 12 Black Near Me Brea, CA | OCBuyBack","Sell your GoPro Hero 12 Black for cash in Brea, CA.","<strong> Sell Hero 12 Black</strong><br/> <span>in</span> <span>Brea, CA 92821</span>"
/sell/gopro/gopro/hero-8-black,"Sell GoPro Hero 8 Black Near Me Brea, CA | OCBuyBack","Sell your GoPro Hero 8 Black for cash in Brea, CA.","<strong> Sell Hero 8 Black</strong><br/> <span>in</span> <span>Brea, CA 92821</span>"
/sell/gopro/gopro/hero-9-black,"Sell GoPro Hero 9 Black Near Me Brea, CA | OCBuyBack","Sell your GoPro Hero 9 Black for cash in Brea, CA.","<strong> Sell Hero 9 Black</strong><br/> <span>in</span> <span>Brea, CA 92821</span>"
/sell/gopro/gopro/max,"Sell GoPro Max Near Me Brea, CA | OCBuyBack","Sell your GoPro Max for cash in Brea, CA.","<strong> Sell Max</strong><br/> <span>in</span> <span>Brea, CA 92821</span>"
/sell/gopro/gopro,"Sell GoPro GoPro Near Me Brea, CA | OCBuyBack","Sell your GoPro GoPro for cash Brea, CA 92821.","Sell GoPro GoPro<br/> <span> in </span> <span>Brea, CA 92821</span>"
/sell/gopro,"Sell GoPro Near Me Brea, CA | OCBuyBack","Tade-in GoPro for cash at OCBuyBack in Brea, CA.","Sell GoPro<br/> <span> in </span> <span>Brea, CA 92821</span>"
/sell/headphones/apple/airpods-max,"Sell Apple AirPods Max Near Me Brea, CA | OCBuyBack","Sell Apple AirPods Max in Brea, CA 92821.","<strong> Sell AirPods Max</strong><br/> <span>in</span> <span>Brea, CA 92821</span>"
/sell/headphones/apple,,,
/sell/headphones,"Sell Headphones Near Me Brea, CA | OCBuyBack","Sell Headphones Brea, CA 92821.","Sell Headphones<br/> <span> in </span> <span>Brea, CA 92821</span>"
/sell/ipod/apple/ipod-touch-7th-gen,"Sell iPod Touch 7th Gen Near Me Brea, CA | OCBuyBack","Cash for iPod Touch 7th Gen Gear in Brea, CA.","<strong> Sell iPod Touch 7th Gen</strong><br/> <span>in</span> <span>Brea, CA 92821</span>"
/sell/ipod/apple,,,
/sell/ipod,"Sell iPod Near Me Brea, CA | OCBuyBack",OCBuyBack offers cash for used and broken iPods. Visit our website for a quote today!,"Sell iPod<br/> <span> in </span> <span>Brea, CA 92821</span>"
/sell/smartwatch/apple/series-10-gps-cellular,"Sell Apple Watch Series 10 GPS + Cellular Brea, CA | OCBuyBack","OCBuyBack pays cash for your Series 10 GPS + Cellular Apple Watch in Brea, CA.","<strong> Sell Series 10 GPS + Cellular</strong><br/> <span>in</span> <span>Brea, CA 92821</span>"
/sell/smartwatch/apple/series-10-gps,"Sell Apple Watch Series 10 GPS Brea, CA | OCBuyBack","OCBuyBack pays cash for your Series 10 GPS Apple Watch in Brea, CA.","<strong> Sell Series 10 GPS</strong><br/> <span>in</span> <span>Brea, CA 92821</span>"
/sell/smartwatch/apple/series-11-gps-plus-cellular,"Sell Apple Watch Series 11 GPS + Cellular Brea, CA | OCBuyBack","OCBuyBack pays cash for your Series 11 GPS + Cellular Apple Watch in Brea, CA.","<strong> Sell Series 11 GPS + Cellular</strong><br/> <span>in</span> <span>Brea, CA 92821</span>"
/sell/smartwatch/apple/series-11-gps,"Sell Apple Watch Series 11 GPS Brea, CA | OCBuyBack","OCBuyBack pays cash for your Series 11 GPS Apple Watch in Brea, CA.","<strong> Sell Series 11 GPS</strong><br/> <span>in</span> <span>Brea, CA 92821</span>"
/sell/smartwatch/apple/series-7-gps-cellular,"Sell Apple Watch Series 7 GPS + Cellular Brea, CA | OCBuyBack","OCBuyBack pays cash for your Series 7 GPS + Cellular Apple Watch in Brea, CA.","<strong> Sell Series 7 GPS + Cellular</strong><br/> <span>in</span> <span>Brea, CA 92821</span>"
/sell/smartwatch/apple/series-7-gps,"Sell Apple Watch Series 7 GPS Brea, CA | OCBuyBack","OCBuyBack pays cash for your Series 7 GPS Apple Watch in Brea, CA.","<strong> Sell Series 7 GPS</strong><br/> <span>in</span> <span>Brea, CA 92821</span>"
/sell/smartwatch/apple/series-8-gps-cellular,"Sell Apple Watch Series 8 GPS + Cellular Brea, CA | OCBuyBack","OCBuyBack pays cash for your Series 8 GPS + Cellular Apple Watch in Brea, CA.","<strong> Sell Series 8 GPS + Cellular</strong><br/> <span>in</span> <span>Brea, CA 92821</span>"
/sell/smartwatch/apple/series-8-gps,"Sell Apple Watch Series 8 GPS Brea, CA | OCBuyBack","OCBuyBack pays cash for your Series 8 GPS Apple Watch in Brea, CA.","<strong> Sell Series 8 GPS</strong><br/> <span>in</span> <span>Brea, CA 92821</span>"
/sell/smartwatch/apple/series-9-gps-cellular,"Sell Apple Watch Series 9 GPS + Cellular Brea, CA | OCBuyBack","OCBuyBack pays cash for your Series 9 GPS + Cellular Apple Watch in Brea, CA.","<strong> Sell Series 9 GPS + Cellular</strong><br/> <span>in</span> <span>Brea, CA 92821</span>"
/sell/smartwatch/apple/series-9-gps,"Sell Apple Watch Series 9 GPS Brea, CA | OCBuyBack","OCBuyBack pays cash for your Series 9 GPS Apple Watch in Brea, CA.","<strong> Sell Series 9 GPS</strong><br/> <span>in</span> <span>Brea, CA 92821</span>"
/sell/smartwatch/apple/ultra-2,"Sell Apple Watch Ultra 2 Brea, CA | OCBuyBack","OCBuyBack pays cash for your Ultra 2 Apple Watch in Brea, CA.","<strong> Sell Ultra 2</strong><br/> <span>in</span> <span>Brea, CA 92821</span>"
/sell/smartwatch/apple/ultra-3,"Sell Apple Watch Ultra 3 Brea, CA | OCBuyBack","OCBuyBack pays cash for your Ultra 3 Apple Watch in Brea, CA.","<strong> Sell Ultra 3</strong><br/> <span>in</span> <span>Brea, CA 92821</span>"
/sell/smartwatch/apple/ultra,"Sell Apple Watch Ultra Brea, CA | OCBuyBack","OCBuyBack pays cash for your Ultra Apple Watch in Brea, CA.","<strong> Sell Ultra</strong><br/> <span>in</span> <span>Brea, CA 92821</span>"
/sell/smartwatch/apple/watch-se-gps-2nd-gen,"Sell Apple Watch Watch SE GPS 2nd Gen Brea, CA | OCBuyBack","OCBuyBack pays cash for your Watch SE GPS 2nd Gen Apple Watch in Brea, CA.","<strong> Sell Watch SE GPS 2nd Gen</strong><br/> <span>in</span> <span>Brea, CA 92821</span>"
/sell/smartwatch/apple/watch-se-gps-3rd-gen,"Sell Apple Watch Watch SE GPS 3rd Gen Brea, CA | OCBuyBack","OCBuyBack pays cash for your Watch SE GPS 3rd Gen Apple Watch in Brea, CA.","<strong> Sell Watch SE GPS 3rd Gen</strong><br/> <span>in</span> <span>Brea, CA 92821</span>"
/sell/smartwatch/apple/watch-se-gps-plus-cellular-2nd-gen,"Sell Apple Watch Watch SE GPS + Cellular 2nd Gen Brea, CA | OCBuyBack","OCBuyBack pays cash for your Watch SE GPS + Cellular 2nd Gen Apple Watch in Brea, CA.","<strong> Sell Watch SE GPS + Cellular 2nd Gen</strong><br/> <span>in</span> <span>Brea, CA 92821</span>"
/sell/smartwatch/apple/watch-se-gps-plus-cellular-3rd-gen,"Sell Apple Watch Watch SE GPS + Cellular 3rd Gen Brea, CA | OCBuyBack","OCBuyBack pays cash for your Watch SE GPS + Cellular 3rd Gen Apple Watch in Brea, CA.","<strong> Sell Watch SE GPS + Cellular 3rd Gen</strong><br/> <span>in</span> <span>Brea, CA 92821</span>"
/sell/smartwatch/apple,"Sell Apple Watch Near Me Brea, CA | OCBuyBack","Cash for your Apple Watch in Brea, CA. Sell your broken or used Apple Watch today!","Sell Apple Smartwatch<br/> <span> in </span> <span>Brea, CA 92821</span>"
/sell/smartwatch/samsung,The page you were looking for doesn't exist (404),,The page you were looking for doesn't exist.
/sell/smartwatch,"Sell Smartwatch Near Me Brea, CA | OCBuyBack","OCBuyBack is the best place in Brea, CA to sell your smartwatch for cash.","Sell Smartwatch<br/> <span> in </span> <span>Brea, CA 92821</span>"
/sell/tablet/apple/ipad-10-2-8th-gen-2020,"Sell iPad 10.2 8th Gen (2020) Near Me Brea, CA | OCBuyBack","Sell iPad 10.2 8th Gen (2020) for Cash Brea, CA 92821.","<strong> Sell iPad 10.2 8th Gen (2020)</strong><br/> <span>in</span> <span>Brea, CA 92821</span>"
/sell/tablet/apple/ipad-10-2-9th-gen-2021,"Sell iPad 10.2 9th Gen (2021) Near Me Brea, CA | OCBuyBack","Sell iPad 10.2 9th Gen (2021) for Cash Brea, CA 92821.","<strong> Sell iPad 10.2 9th Gen (2021)</strong><br/> <span>in</span> <span>Brea, CA 92821</span>"
/sell/tablet/apple/ipad-10-9-10th-gen-2022,"Sell iPad 10.9 10th Gen (2022) Near Me Brea, CA | OCBuyBack","Sell iPad 10.9 10th Gen (2022) for Cash Brea, CA 92821.","<strong> Sell iPad 10.9 10th Gen (2022)</strong><br/> <span>in</span> <span>Brea, CA 92821</span>"
/sell/tablet/apple/ipad-11-a16-11th-gen-2025,"Sell iPad 11 A16 11th Gen (2025) Near Me Brea, CA | OCBuyBack","Sell iPad 11 A16 11th Gen (2025) for Cash Brea, CA 92821.","<strong> Sell iPad 11 A16 11th Gen (2025)</strong><br/> <span>in</span> <span>Brea, CA 92821</span>"
/sell/tablet/apple/ipad-air-11-m2-2024,"Sell iPad Air 11 M2 (2024) Near Me Brea, CA | OCBuyBack","Sell iPad Air 11 M2 (2024) for Cash Brea, CA 92821.","<strong> Sell iPad Air 11 M2 (2024)</strong><br/> <span>in</span> <span>Brea, CA 92821</span>"
/sell/tablet/apple/ipad-air-11-m3-2025,"Sell iPad Air 11 M3 (2025) Near Me Brea, CA | OCBuyBack","Sell iPad Air 11 M3 (2025) for Cash Brea, CA 92821.","<strong> Sell iPad Air 11 M3 (2025)</strong><br/> <span>in</span> <span>Brea, CA 92821</span>"
/sell/tablet/apple/ipad-air-11-m4-2026,"Sell iPad Air 11 M4 (2026) Near Me Brea, CA | OCBuyBack","Sell iPad Air 11 M4 (2026) for Cash Brea, CA 92821.","<strong> Sell iPad Air 11 M4 (2026)</strong><br/> <span>in</span> <span>Brea, CA 92821</span>"
/sell/tablet/apple/ipad-air-13-m2-2024,"Sell iPad Air 13 M2 (2024) Near Me Brea, CA | OCBuyBack","Sell iPad Air 13 M2 (2024) for Cash Brea, CA 92821.","<strong> Sell iPad Air 13 M2 (2024)</strong><br/> <span>in</span> <span>Brea, CA 92821</span>"
/sell/tablet/apple/ipad-air-13-m3-2025,"Sell iPad Air 13 M3 (2025) Near Me Brea, CA | OCBuyBack","Sell iPad Air 13 M3 (2025) for Cash Brea, CA 92821.","<strong> Sell iPad Air 13 M3 (2025)</strong><br/> <span>in</span> <span>Brea, CA 92821</span>"
/sell/tablet/apple/ipad-air-4th-gen-2020,"Sell iPad Air 4th Gen (2020) Near Me Brea, CA | OCBuyBack","Sell iPad Air 4th Gen (2020) for Cash Brea, CA 92821.","<strong> Sell iPad Air 4th Gen (2020)</strong><br/> <span>in</span> <span>Brea, CA 92821</span>"
/sell/tablet/apple/ipad-air-5th-gen-2022,"Sell iPad Air 5th Gen (2022) Near Me Brea, CA | OCBuyBack","Sell iPad Air 5th Gen (2022) for Cash Brea, CA 92821.","<strong> Sell iPad Air 5th Gen (2022)</strong><br/> <span>in</span> <span>Brea, CA 92821</span>"
/sell/tablet/apple/ipad-mini-5th-gen-2019,"Sell iPad Mini 5th Gen (2019) Near Me Brea, CA | OCBuyBack","Sell iPad Mini 5th Gen (2019) for Cash Brea, CA 92821.","<strong> Sell iPad Mini 5th Gen (2019)</strong><br/> <span>in</span> <span>Brea, CA 92821</span>"
/sell/tablet/apple/ipad-mini-6th-gen-2021,"Sell iPad Mini 6th Gen (2021) Near Me Brea, CA | OCBuyBack","Sell iPad Mini 6th Gen (2021) for Cash Brea, CA 92821.","<strong> Sell iPad Mini 6th Gen (2021)</strong><br/> <span>in</span> <span>Brea, CA 92821</span>"
/sell/tablet/apple/ipad-mini-7th-gen-2024,"Sell iPad Mini 7th Gen (2024) Near Me Brea, CA | OCBuyBack","Sell iPad Mini 7th Gen (2024) for Cash Brea, CA 92821.","<strong> Sell iPad Mini 7th Gen (2024)</strong><br/> <span>in</span> <span>Brea, CA 92821</span>"
/sell/tablet/apple/ipad-pro-11-1st-gen-2018,"Sell iPad Pro 11 1st Gen (2018) Near Me Brea, CA | OCBuyBack","Sell iPad Pro 11 1st Gen (2018) for Cash Brea, CA 92821.","<strong> Sell iPad Pro 11 1st Gen (2018)</strong><br/> <span>in</span> <span>Brea, CA 92821</span>"
/sell/tablet/apple/ipad-pro-11-2nd-gen-2020,"Sell iPad Pro 11 2nd Gen (2020) Near Me Brea, CA | OCBuyBack","Sell iPad Pro 11 2nd Gen (2020) for Cash Brea, CA 92821.","<strong> Sell iPad Pro 11 2nd Gen (2020)</strong><br/> <span>in</span> <span>Brea, CA 92821</span>"
/sell/tablet/apple/ipad-pro-11-3rd-gen-2021,"Sell iPad Pro 11 3rd Gen (2021) Near Me Brea, CA | OCBuyBack","Sell iPad Pro 11 3rd Gen (2021) for Cash Brea, CA 92821.","<strong> Sell iPad Pro 11 3rd Gen (2021)</strong><br/> <span>in</span> <span>Brea, CA 92821</span>"
/sell/tablet/apple/ipad-pro-11-4th-gen-2022,"Sell iPad Pro 11 4th Gen (2022) Near Me Brea, CA | OCBuyBack","Sell iPad Pro 11 4th Gen (2022) for Cash Brea, CA 92821.","<strong> Sell iPad Pro 11 4th Gen (2022)</strong><br/> <span>in</span> <span>Brea, CA 92821</span>"
/sell/tablet/apple/ipad-pro-11-m4-nano-texture-glass-2024,"Sell iPad Pro 11 M4 Nano-texture Glass (2024) Near Me Brea, CA | OCBuyBack","Sell iPad Pro 11 M4 Nano-texture Glass (2024) for Cash Brea, CA 92821.","<strong> Sell iPad Pro 11 M4 Nano-texture Glass (2024)</strong><br/> <span>in</span> <span>Brea, CA 92821</span>"
/sell/tablet/apple/ipad-pro-11-m4-standard-glass-2024,"Sell iPad Pro 11 M4 Standard Glass (2024) Near Me Brea, CA | OCBuyBack","Sell iPad Pro 11 M4 Standard Glass (2024) for Cash Brea, CA 92821.","<strong> Sell iPad Pro 11 M4 Standard Glass (2024)</strong><br/> <span>in</span> <span>Brea, CA 92821</span>"
/sell/tablet/apple/ipad-pro-11-m5-nanominustexture-glass-2025,"Sell iPad Pro 11 M5 Nano-texture Glass (2025) Near Me Brea, CA | OCBuyBack","Sell iPad Pro 11 M5 Nano-texture Glass (2025) for Cash Brea, CA 92821.","<strong> Sell iPad Pro 11 M5 Nano-texture Glass (2025)</strong><br/> <span>in</span> <span>Brea, CA 92821</span>"
/sell/tablet/apple/ipad-pro-11-m5-standard-glass-2025,"Sell iPad Pro 11 M5 Standard Glass (2025) Near Me Brea, CA | OCBuyBack","Sell iPad Pro 11 M5 Standard Glass (2025) for Cash Brea, CA 92821.","<strong> Sell iPad Pro 11 M5 Standard Glass (2025)</strong><br/> <span>in</span> <span>Brea, CA 92821</span>"
/sell/tablet/apple/ipad-pro-12-9-3rd-gen-2018,"Sell iPad Pro 12.9 3rd Gen (2018) Near Me Brea, CA | OCBuyBack","Sell iPad Pro 12.9 3rd Gen (2018) for Cash Brea, CA 92821.","<strong> Sell iPad Pro 12.9 3rd Gen (2018)</strong><br/> <span>in</span> <span>Brea, CA 92821</span>"
/sell/tablet/apple/ipad-pro-12-9-4th-gen-2020,"Sell iPad Pro 12.9 4th Gen (2020) Near Me Brea, CA | OCBuyBack","Sell iPad Pro 12.9 4th Gen (2020) for Cash Brea, CA 92821.","<strong> Sell iPad Pro 12.9 4th Gen (2020)</strong><br/> <span>in</span> <span>Brea, CA 92821</span>"
/sell/tablet/apple/ipad-pro-12-9-5th-gen-2021,"Sell iPad Pro 12.9 5th Gen (2021) Near Me Brea, CA | OCBuyBack","Sell iPad Pro 12.9 5th Gen (2021) for Cash Brea, CA 92821.","<strong> Sell iPad Pro 12.9 5th Gen (2021)</strong><br/> <span>in</span> <span>Brea, CA 92821</span>"
/sell/tablet/apple/ipad-pro-12-9-6th-gen-2022,"Sell iPad Pro 12.9 6th Gen (2022) Near Me Brea, CA | OCBuyBack","Sell iPad Pro 12.9 6th Gen (2022) for Cash Brea, CA 92821.","<strong> Sell iPad Pro 12.9 6th Gen (2022)</strong><br/> <span>in</span> <span>Brea, CA 92821</span>"
/sell/tablet/apple/ipad-pro-13-m4-nano-texture-glass-2024,"Sell iPad Pro 13 M4 Nano-texture Glass (2024) Near Me Brea, CA | OCBuyBack","Sell iPad Pro 13 M4 Nano-texture Glass (2024) for Cash Brea, CA 92821.","<strong> Sell iPad Pro 13 M4 Nano-texture Glass (2024)</strong><br/> <span>in</span> <span>Brea, CA 92821</span>"
/sell/tablet/apple/ipad-pro-13-m4-standard-glass-2024,"Sell iPad Pro 13 M4 Standard Glass (2024) Near Me Brea, CA | OCBuyBack","Sell iPad Pro 13 M4 Standard Glass (2024) for Cash Brea, CA 92821.","<strong> Sell iPad Pro 13 M4 Standard Glass (2024)</strong><br/> <span>in</span> <span>Brea, CA 92821</span>"
/sell/tablet/apple/ipad-pro-13-m5-nanominustexture-glass-2025,"Sell iPad Pro 13 M5 Nano-texture Glass (2025) Near Me Brea, CA | OCBuyBack","Sell iPad Pro 13 M5 Nano-texture Glass (2025) for Cash Brea, CA 92821.","<strong> Sell iPad Pro 13 M5 Nano-texture Glass (2025)</strong><br/> <span>in</span> <span>Brea, CA 92821</span>"
/sell/tablet/apple/ipad-pro-13-m5-standard-glass-2025,"Sell iPad Pro 13 M5 Standard Glass (2025) Near Me Brea, CA | OCBuyBack","Sell iPad Pro 13 M5 Standard Glass (2025) for Cash Brea, CA 92821.","<strong> Sell iPad Pro 13 M5 Standard Glass (2025)</strong><br/> <span>in</span> <span>Brea, CA 92821</span>"
/sell/tablet/apple,"Sell iPad Near Me Brea, CA | OCBuyBack","Trade-in your iPad for cash at OCBuyBack in Brea, CA. Our iPad trade-in services are competitive and can get you paid today!","Sell iPad<br/> <span> in </span> <span>Brea, CA 92821</span>"
/sell/tablet/microsoft,The page you were looking for doesn't exist (404),,The page you were looking for doesn't exist.
/sell/tablet/samsung,The page you were looking for doesn't exist (404),,The page you were looking for doesn't exist.
/sell/tablet,"Sell Tablet Near Me Brea, CA | OCBuyBack","OCBuyBack is the best spot to trade-in your used or broken tablet in Brea, CA.","Sell Tablet<br/> <span> in </span> <span>Brea, CA 92821</span>"
/sell/vr/apple/vision-pro-m5,"Sell Apple vision pro m5 Near Me Brea, CA | OCBuyBack","Sell Apple vision pro m5 in Brea, CA 92821.","<strong> Sell vision pro m5</strong><br/> <span>in</span> <span>Brea, CA 92821</span>"
/sell/vr/apple/vision-pro,"Sell Apple vision pro Near Me Brea, CA | OCBuyBack","Sell Apple vision pro in Brea, CA 92821.","<strong> Sell vision pro</strong><br/> <span>in</span> <span>Brea, CA 92821</span>"
/sell/vr/apple,"Sell Apple VR Near Me Brea, CA | OCBuyBack","Sell your Apple VR for cash Brea, CA 92821.","Sell Apple VR<br/> <span> in </span> <span>Brea, CA 92821</span>"
/sell/vr/meta,The page you were looking for doesn't exist (404),,The page you were looking for doesn't exist.
/sell/vr,"Sell VR Near Me Brea, CA | OCBuyBack","Sell VR Brea, CA 92821.","Sell VR<br/> <span> in </span> <span>Brea, CA 92821</span>"
/sell,"Sell your XBOX, PS4, Switch Brea, CA | OCBuyBack","Sell my XBOX, PS4, Switch, or game console Near Me Brea, CA. OCBuyBack gives you cash for your game console.",Sell your device<br/>and get paid.
/terms-of-service,,,
/trade-in/track,,,"<i class=""fa fa-truck-loading""></i><br><strong>Track your trade in</strong>"
